Workbook
Name AvalDesemp: Cadastros!$R$6:$R$9
Name AvalPrazo: Cadastros!$S$6:$S$8
Name Beneficios: Cadastros!$I$6:$I$12
Name CategoriasImped: Cadastros!$Q$6:$Q$12
Name Complexidades: Cadastros!$G$6:$G$8
Name Departamentos: Cadastros!$C$6:$C$8
Name DeptosCSC: Cadastros!$L$6:$L$17
Name Empresas: Cadastros!$E$6:$E$12
Name EntBI: Cadastros!$AR$6:$AR$9
Name EntGov: Cadastros!$AO$6:$AO$11
Name EntMC: Cadastros!$AP$6:$AP$10
Name EntOper: Cadastros!$AT$6:$AT$12
Name EntPMO: Cadastros!$AS$6:$AS$9
Name EntTD: Cadastros!$AQ$6:$AQ$11
Name EquipePI: Cadastros!$N$6:$N$10
Name EtapasWorkflow: Cadastros!$U$6:$U$14
Name Impactos: Cadastros!$H$6:$H$8
Name Lista_Pilares_E2: Cadastros!$K$6:$K$11
Name MapaEnt: Cadastros!$Y$6:$Z$11
Name MapaPessoas: Cadastros!$AB$6:$AC$17
Name MapaTemas: Cadastros!$V$6:$W$14
Name MotivoStatus: Cadastros!$P$6:$P$15
Name NomeArquivo: 'Leia-me'!$C$90
Name Papeis: Cadastros!$M$6:$M$7
Name Pes01: Cadastros!$AV$6:$AV$16
Name Pes02: Cadastros!$AW$6:$AW$19
Name Pes03: Cadastros!$AX$6:$AX$12
Name Pes04: Cadastros!$AY$6:$AY$26
Name Pes05: Cadastros!$AZ$6:$AZ$10
Name Pes06: Cadastros!$BA$6:$BA$13
Name Pes07: Cadastros!$BB$6:$BB$19
Name Pes08: Cadastros!$BC$6:$BC$16
Name Pes09: Cadastros!$BD$6:$BD$17
Name Pes10: Cadastros!$BE$6:$BE$13
Name Pes11: Cadastros!$BF$6:$BF$9
Name Pes12: Cadastros!$BG$6:$BG$9
Name Pilares: Cadastros!$K$6:$K$11
Name Prefixo: 'Leia-me'!$C$86
Name Prioridades: Cadastros!$F$6:$F$8
Name Projetos: Cadastros!$B$6:$B$14
Name RadarCor: Cadastros!$T$6:$T$8
Name SimNao: Cadastros!$J$6:$J$7
Name StatusCriterio: Cadastros!$BJ$6:$BJ$10
Name StatusEtapa: Cadastros!$BI$6:$BI$13
Name StatusGeralProjeto: Cadastros!$BH$6:$BH$8
Name StatusList: Cadastros!$D$6:$D$11
Name StatusSemana: Cadastros!$O$6:$O$10
Name TemaActio: Cadastros!$AL$6:$AL$11
Name TemaIndMetas: Cadastros!$AM$6:$AM$11
Name TemaInvestidas: Cadastros!$AK$6:$AK$11
Name TemaLumen: Cadastros!$AE$6:$AE$19
Name TemaNewsletter: Cadastros!$AH$6:$AH$23
Name TemaRotinaFC: Cadastros!$AI$6:$AI$16
Name TemaRotinaFin: Cadastros!$AJ$6:$AJ$12
Name TemaSaneamento: Cadastros!$AG$6:$AG$9
Name TemaV360: Cadastros!$AF$6:$AF$8

Sheet Capa
B2: GESTÃO DE ATIVIDADES & WORKFLOW E1–E08
B3: Planilha do Analista — Viviane Lima (VL)
B4: Torre Financeira CSC · Departamento Processos Integrados · Supervisão: Juliana Batista
B7: SOBRE ESTE ARQUIVO
B8: Analista responsável: | C8: Viviane Lima
B9: Prefixo de ID (exclusivo): | C9: =Prefixo&" — Não alterar (garante ID único na consolidação)" -> VL — Não alterar (garante ID único na consolidação)
B10: Departamento: | C10: Processos Integrados
B11: Supervisora: | C11: Juliana Batista
B12: Estrutura: | C12: Torre Financeira — Centro de Serviços Compartilhados (CSC)
B13: Data de referência: | C13: =TODAY() -> 46233
B15: OBJETIVO
B16: Registrar, acompanhar e reportar todas as atividades e entregas do analista em um único controle: cada linha da aba Lançamentos é uma atividade,
B17: que percorre o fluxo de governança E1–E08 (49 critérios de aceite com evidência por etapa), mede ganho de produtividade (h/mês) e alimenta
B18: automaticamente o Acompanhamento Semanal, identificado por período de datas, e o Dashboard — painel executivo único da supervisão.
B20: FLUXO DE GOVERNANÇA — WORKFLOW E1–E08
B21: Etapa | C21: Tipo | D21: O que acontece
B22: E1 — Solicitação | C22: Registro · 8 critérios | D22: Necessidade descrita, origem, impacto e demanda registrada com recebimento confirmado.
B23: E2 — Triagem | C23: Classificação · 8 critérios | D23: Tipo, prioridade, complexidade, categoria, responsável e vínculo com projeto definidos.
B24: E3 — Levantamento | C24: ⚠ GATE · 5 critérios | D24: Requisitos, escopo, riscos e critérios de aceite validados — obrigatório para iniciar a E4.
B25: E4 — Execução | C25: Desenvolvimento · 7 critérios | D25: Execução planejada e realizada, progresso acompanhado e qualidade verificada.
B26: E5 — Validação | C26: ⚠ GATE · 5 critérios | D26: Validação do usuário e aprovação da gestão — homologação formalizada antes da E6.
B27: E6 — Ajustes | C27: Correção · 6 critérios | D27: Achados priorizados, ajustes executados e nova validação (quando aplicável).
B28: E7 — Entrega | C28: 🚀 Go-live · 4 critérios | D28: Solução disponibilizada, comunicada, encerrada no controle e evidências arquivadas.
B29: E08 — Estabilização | C29: Hypercare · 6 critérios | D29: Suporte assistido (padrão 7 dias): encerra estável ou abre nova demanda na E1.
B31: MAPA DE NAVEGAÇÃO — 16 ABAS DO ARQUIVO
B32: Aba | C32: Tipo | D32: Função
B33: Capa | C33: Consulta | D33: Apresentação do arquivo: objetivo, fluxo de governança e mapa das abas.
B34: Dashboard | C34: Automática | D34: Painel executivo único: cartões, velocímetros, funil E1–E8, gráficos e visões por projeto, pilar, departamento e Hypercare.
B35: Leia-me | C35: Consulta | D35: Instruções completas de uso e regras de ouro do preenchimento.
B36: Lançamentos | C36: Preencher | D36: Registro mestre: 1 linha = 1 atividade/entrega, com ID automático (JV-0001...).
B37: Workflow (Tracker) | C37: Automática | D37: Status derivado das etapas E1–E8, etapa atual, % do fluxo, gates e bloqueios — não digitar.
B38: E1 — Solicitação | C38: Preencher | D38: Critérios de aceite da solicitação (⏳/🔄/✔/⛔/N/A) + evidências.
B39: E2 — Triagem | C39: Preencher | D39: Critérios de classificação, prioridade e atribuição de responsável.
B40: E3 — Levantamento | C40: Preencher ⚠ | D40: Gate de escopo: requisitos e critérios de aceite validados.
B41: E4 — Execução | C41: Preencher | D41: Critérios de execução, progresso e preparação da entrega.
B42: E5 — Validação | C42: Preencher ⚠ | D42: Gate de homologação: validação do usuário e aprovação da gestão.
B43: E6 — Ajustes | C43: Preencher | D43: Tratamento dos achados da validação (quando aplicável).
... B48: PROMPT | C48: Referência | D48: Especificação técnica do sistema. Documento de apoio, não operacional.
B50: REGRAS DE OURO
B51: • Nunca digite valores fora das listas suspensas — isso quebra a consolidação automática.
B52: • Não exclua linhas já lançadas nem altere o prefixo FM; atividade descartada = Status “Cancelado”.
B53: • Tempo Antes/Depois é do PROCESSO melhorado (h/mês); Horas Gastas é o SEU esforço na entrega.
B54: • Gates obrigatórios: sem E3 concluída não inicie a E4; sem E5 concluída não inicie a E6.
B55: • Em parcerias, apenas o Responsável registra a atividade completa; os demais lançam Papel = Apoio.
B57: ="SGPI · Sistema de Gestão de Processos Integrados — Torre Financeira CSC · Arquivo: "&NomeArquivo -> SGPI · Sistema de Gestão de Processos Integrados — Torre Financeira CSC · Arquivo: base-atividades-viviane_lima | D57: ="Documento controlado · Atualizado em "&TEXT(TODAY(),"dd/mm/aaaa") -> Documento controlado · Atualizado em 30/07/2026

Sheet Dashboard
B2: PROCESSOS INTEGRADOS | PORTFÓLIO EXECUTIVO | M2: =$T$44 -> Atualizado em 30/07/2026 | S2: Carteira total | T2: {=SUMPRODUCT(--(Lançamentos!$C$3:$C$1001<>""))} -> 0 | V2: {=IF($T$4=0,"",_xlfn.LET(_xlpm.m,(Lançamentos!$C$3:$C$1001<>"")*(Lançamentos!$AL$3:$AL$1001<>"Encerrado")*(Lançamentos!$AL$3:$AL$1001<>"Cancelado"),_xlpm.ids,_xlfn._xlws.FILTER(Lançamentos!$B$3:$B$1001,_xlpm.m),_xlpm.ativ,_xlfn._xlws.FILTER(Lançamentos!$J$3:$J$1001,_xlpm.m),_xlpm.proj,_xlfn._xlws.FILTER(Lançamentos!$F$3:$F$1001,_xlpm.m),_xlpm.stat,_xlfn._xlws.FILTER(Lançamentos!$AL$3:$AL$1001,_xlpm.m),_xlpm.ini,_xlfn._xlws.FILTER(Lançamentos!$C$3:$C$1001,_xlpm.m),_xlpm.ad,_xlfn._xlws.FILTER(Lançamentos!$AD$3:$AD$1001,_xlpm.m),_xlpm.ae,_xlfn._xlws.FILTER(Lançamentos!$AE$3:$AE$1001,_xlpm.m),_xlpm.af,_xlfn._xlws.FILTER(Lançamentos!$AF$3:$AF$1001,_xlpm.m),_xlpm.ai,_xlfn._xlws.FILTER(Lançamentos!$AI$3:$AI$1001,_xlpm.m),_xlpm.et,_xlfn.XLOOKUP(_xlpm.ids,'Workflow (Tracker)'!$B$26:$B$525,'Workflow (Tracker)'!$M$26:$M$525,""),_xlpm.fluxo,_xlfn.XLOOKUP(_xlpm.ids,'Workflow (Tracker)'!$B$26:$B$525,'Workflow (Tracker)'!$N$26:$N$525,""),_xlpm.bloq,--(_xlfn.XLOOKUP(_xlpm.ids,'Workflow (Tracker)'!$B$26:$B$525,MMULT(--('Workflow (Tracker)'!$E$26:$L$525="Bloqueado"),TRANSPOSE(COLUMN('Workflow (Tracker)'!$E$26:$L$26)^0)),0)>0),_xlpm.dias,TODAY()-_xlpm.ini,_xlpm.atras,--(ISNUMBER(_xlpm.ad)*(1-ISNUMBER(_xlpm.af))*ISNUMBER(_xlpm.ae)*(_xlpm.ae<TODAY())),_xlpm.inc,--ISNUMBER(SEARCH("Incidente Crítico",_xlpm.ai)),_xlpm.sit,IF(_xlpm.inc,"🔴 Incidente crítico",IF(_xlpm.bloq,"🔴 Bloqueada",IF(_xlpm.atras,"🔴 Hypercare atrasado",IF(_xlpm.dias>30,"🔴 Crítico",IF(_xlpm.dias>15,"🟠 Atenção","🟢 Normal"))))),_xlfn.SORTBY(_xlfn.HSTACK(_xlpm.ids,_xlpm.ativ,_xlpm.proj,_xlpm.stat,_xlpm.et,_xlpm.fluxo,_xlpm.dias,_xlpm.sit),_xlpm.ini,1)))} | AE2: {=IF($T$9=0,"",_xlfn.LET(_xlpm.g,Lançamentos!$W$3:$W$1001,_xlpm.m,(Lançamentos!$C$3:$C$1001<>"")*(Lançamentos!$O$3:$O$1001<>"Apoio")*ISNUMBER(_xlpm.g)*(_xlpm.g>0),_xlpm.id,_xlfn._xlws.FILTER(Lançamentos!$B$3:$B$1001,_xlpm.m),_xlpm.ativ,_xlfn._xlws.FILTER(Lançamentos!$J$3:$J$1001,_xlpm.m),_xlpm.proj,_xlfn._xlws.FILTER(Lançamentos!$F$3:$F$1001,_xlpm.m),_xlpm.ganho,_xlfn._xlws.FILTER(_xlpm.g,_xlpm.m),_xlpm.red,_xlfn._xlws.FILTER(Lançamentos!$X$3:$X$1001,_xlpm.m),_xlpm.ord,_xlfn.SORTBY(_xlfn.HSTACK(_xlpm.ativ,_xlpm.proj,_xlpm.ganho,_xlpm.red,_xlpm.id),_xlpm.ganho,-1),_xlpm.top,_xlfn.TAKE(_xlpm.ord,MIN(5,ROWS(_xlpm.ord))),_xlfn.HSTACK(_xlfn.SEQUENCE(ROWS(_xlpm.top)),_xlpm.top)))} | AL2: {=IF($T$2=0,"",_xlfn.LET(_xlpm.dim,CHOOSE(MATCH($E$52,{"Projeto","Pilar","Departamento CSC"},0),Lançamentos!$F$3:$F$1001,Lançamentos!$H$3:$H$1001,Lançamentos!$L$3:$L$1001),_xlpm.valid,Lançamentos!$C$3:$C$1001<>"",_xlpm.u,_xlfn.UNIQUE(_xlfn._xlws.FILTER(_xlpm.dim,_xlpm.valid*(_xlpm.dim<>""))),_xlpm.dem,_xlfn.MAP(_xlpm.u,_xlfn.LAMBDA(_xlpm.x,SUM(--_xlpm.valid*--(_xlpm.dim=_xlpm.x)))),_xlpm.conc,_xlfn.MAP(_xlpm.u,_xlfn.LAMBDA(_xlpm.x,SUM(--_xlpm.valid*--(_xlpm.dim=_xlpm.x)*--(Lançamentos!$AL$3:$AL$1001="Encerrado")))),_xlpm.horas,_xlfn.MAP(_xlpm.u,_xlfn.LAMBDA(_xlpm.x,SUMPRODUCT(--_xlpm.valid,--(_xlpm.dim=_xlpm.x),IFERROR(Lançamentos!$T$3:$T$1001,0)))),_xlpm.ganho,_xlfn.MAP(_xlpm.u,_xlfn.LAMBDA(_xlpm.x,SUMPRODUCT(--_xlpm.valid,--(_xlpm.dim=_xlpm.x),--(Lançamentos!$O$3:$O$1001<>"Apoio"),IFERROR(Lançamentos!$W$3:$W$1001,0)))),_xlpm.pct,IFERROR(_xlpm.ganho/$T$9,0),_xlfn.SORTBY(_xlfn.HSTACK(_xlpm.u,_xlpm.dem,_xlpm.conc,_xlpm.horas,_xlpm.ganho,_xlpm.pct),_xlpm.ganho,-1)))}
B3: Viviane Lima | S3: Concluídas | T3: =COUNTIFS(Lançamentos!$C$3:$C$1001,"<>",Lançamentos!$AL$3:$AL$1001,"Encerrado") -> 0
S4: Em aberto | T4: =COUNTIFS(Lançamentos!$C$3:$C$1001,"<>",Lançamentos!$AL$3:$AL$1001,"<>Encerrado",Lançamentos!$AL$3:$AL$1001,"<>Cancelado") -> 0
B5: BLOCO 1 — SINAL EXECUTIVO | S5: Demandas responsável | T5: {=SUMPRODUCT(--(Lançamentos!$C$3:$C$1001<>""),--(Lançamentos!$O$3:$O$1001<>"Apoio"))} -> 0
B6: ="STATUS DO DASHBOARD"&CHAR(10)&IF($T$34="CRÍTICO","🔴 CRÍTICO",IF($T$34="ACOMPANHAR","🟠 ACOMPANHAR","🟢 ESTÁVEL")) -> STATUS DO DASHBOARD 🟢 ESTÁVEL | G6: =$T$4&" demandas abertas | "&$T$14&" bloqueios | "&IF($T$17=0,"Hypercare no prazo",$T$17&" Hypercare atrasado(s)") -> 0 demandas abertas | 0 bloqueios | Hypercare no prazo | S6: Concluídas responsável | T6: =COUNTIFS(Lançamentos!$C$3:$C$1001,"<>",Lançamentos!$O$3:$O$1001,"<>Apoio",Lançamentos!$AL$3:$AL$1001,"Encerrado") -> 0
G7: ="Maior impacto: "&$T$39&" | "&$T$40&" | +"&TEXT($T$36,"0,0")&" h/mês" -> Maior impacto: | | +0,0 h/mês | S7: Taxa conclusão | T7: =IFERROR(T6/T5,"")
G8: ="Capacidade: "&TEXT($T$9,"#.##0,0")&" h/mês | "&TEXT($T$10,"#.##0,0")&" h/ano | Mais antiga: "&$T$38&" ("&$T$37&" dias) | Críticas: "&$T$33 -> Capacidade: 0,0 h/mês | 0,0 h/ano | Mais antiga: ( dias) | Críticas: 0 | S8: Horas investidas | T8: =SUMIFS(Lançamentos!$T$3:$T$1001,Lançamentos!$C$3:$C$1001,"<>") -> 0
S9: Ganho mensal | T9: =SUMIFS(Lançamentos!$W$3:$W$1001,Lançamentos!$C$3:$C$1001,"<>",Lançamentos!$O$3:$O$1001,"<>Apoio") -> 0
B10: =TEXT($T$7,"0,0%")&" da carteira como responsável está concluída. As 3 iniciativas de maior impacto representam "&TEXT($T$35,"0,0%")&" do ganho mensal. "&IF(AND($T$14=0,$T$17=0,$T$18=0),"Não existem bloqueios, atrasos de Hypercare ou incidentes críticos.","Existem condições críticas que exigem atuação.") -> da carteira como responsável está concluída. As 3 iniciativas de maior impacto representam do ganho mensal. Não existem bloqueios, atrasos de Hypercare ou incidentes críticos. | S10: Ganho anual | T10: =T9*12 -> 0
S11: Lead time médio | T11: =IFERROR(AVERAGEIFS(Lançamentos!$AK$3:$AK$1001,Lançamentos!$AL$3:$AL$1001,"Encerrado",Lançamentos!$AK$3:$AK$1001,">=0"),"")
B12: BLOCO 2 — RESULTADO DO PORTFÓLIO | S12: Eficiência transformação | T12: =IFERROR(T9/T8,"")
B13: CARTEIRA TOTAL | F13: CONCLUÍDAS | J13: EM ABERTO | N13: TAXA DE CONCLUSÃO | S13: Redução média | T13: =IFERROR(AVERAGEIFS(Lançamentos!$X$3:$X$1001,Lançamentos!$C$3:$C$1001,"<>",Lançamentos!$U$3:$U$1001,">0",Lançamentos!$V$3:$V$1001,">=0"),"")
B14: =$T$2 -> 0 | F14: =$T$3 -> 0 | J14: =$T$4 -> 0 | N14: =TEXT($T$7,"0,0%")&CHAR(10)&$T$6&"/"&$T$5&" como responsável" -> 0/0 como responsável | S14: Bloqueadas | T14: {=SUMPRODUCT(--('Workflow (Tracker)'!$B$26:$B$525<>""),--(MMULT(--('Workflow (Tracker)'!$E$26:$L$525="Bloqueado"),TRANSPOSE(COLUMN('Workflow (Tracker)'!$E$26:$L$26)^0))>0))} -> 0
S15: Gate E3 pendente | T15: {=SUMPRODUCT(--('Workflow (Tracker)'!$B$26:$B$525<>""),--('Workflow (Tracker)'!$G$26:$G$525<>"Concluído"),--(_xlfn.XLOOKUP('Workflow (Tracker)'!$B$26:$B$525,Lançamentos!$B$3:$B$1001,Lançamentos!$AL$3:$AL$1001,"")<>"Cancelado"))} -> 0
S16: Gate E5 pendente | T16: {=SUMPRODUCT(--('Workflow (Tracker)'!$B$26:$B$525<>""),--('Workflow (Tracker)'!$I$26:$I$525<>"Concluído"),--(_xlfn.XLOOKUP('Workflow (Tracker)'!$B$26:$B$525,Lançamentos!$B$3:$B$1001,Lançamentos!$AL$3:$AL$1001,"")<>"Cancelado"))} -> 0
B17: HORAS INVESTIDAS | F17: GANHO MENSAL | J17: GANHO ANUALIZADO | N17: LEAD TIME MÉDIO | S17: Hypercare atrasado | T17: =COUNTIFS(Lançamentos!$C$3:$C$1001,"<>",Lançamentos!$AD$3:$AD$1001,"<>",Lançamentos!$AF$3:$AF$1001,"",Lançamentos!$AE$3:$AE$1001,"<"&TODAY()) -> 0
B18: =TEXT($T$8,"#.##0,0")&" h" -> 0,0 h | F18: =TEXT($T$9,"#.##0,0")&" h/mês" -> 0,0 h/mês | J18: =TEXT($T$10,"#.##0,0")&" h/ano" -> 0,0 h/ano | N18: =TEXT($T$11,"0,0")&" dias" -> dias | S18: Incidentes críticos | T18: =COUNTIFS(Lançamentos!$C$3:$C$1001,"<>",Lançamentos!$AI$3:$AI$1001,"*Incidente Crítico*") -> 0
S19: Em estabilização efetiva | T19: {=SUMPRODUCT(--(Lançamentos!$C$3:$C$502<>""),--ISNUMBER(SEARCH("Em Estabilização",Lançamentos!$AI$3:$AI$502)),--((('Workflow (Tracker)'!$K$26:$K$525="Concluído")+ISNUMBER(SEARCH("E08",'Workflow (Tracker)'!$M$26:$M$525)))>0))} -> 0
S20: Encerrados estáveis | T20: =COUNTIFS(Lançamentos!$C$3:$C$1001,"<>",Lançamentos!$AI$3:$AI$1001,"*Estável*Demanda Encerrada*") -> 0
S21: Hypercare no prazo | T21: {=IFERROR(SUMPRODUCT(--(Lançamentos!$C$3:$C$1001<>""),--ISNUMBER(Lançamentos!$AF$3:$AF$1001),--ISNUMBER(Lançamentos!$AE$3:$AE$1001),--(Lançamentos!$AF$3:$AF$1001<=Lançamentos!$AE$3:$AE$1001))/SUMPRODUCT(--(Lançamentos!$C$3:$C$1001<>""),--ISNUMBER(Lançamentos!$AF$3:$AF$1001)),"")}
B22: BLOCO 3 — ATENÇÃO GERENCIAL | S22: Cobertura Hypercare | T22: {=IFERROR(SUMPRODUCT(--(Lançamentos!$C$3:$C$1001<>""),--ISNUMBER(Lançamentos!$AD$3:$AD$1001))/SUMPRODUCT(--(Lançamentos!$C$3:$C$1001<>""),--ISNUMBER(Lançamentos!$D$3:$D$1001)),"")}
B23: =$T$4&" abertas | "&$T$14&" bloqueadas | "&$T$43&" com gate pendente | "&$T$17&" atrasadas | "&$T$18&" incidentes" -> 0 abertas | 0 bloqueadas | 0 com gate pendente | 0 atrasadas | 0 incidentes | S23: Tempo médio Hypercare | T23: {=IFERROR(AVERAGE(_xlfn._xlws.FILTER(Lançamentos!$AG$3:$AG$1001,(Lançamentos!$C$3:$C$1001<>"")*ISNUMBER(Lançamentos!$AF$3:$AF$1001))),"")}
B24: ="Fluxo atual: "&IF($T$42="","sem demandas registradas",$T$42)&" | Gates: E3 "&$T$15&" pendente(s), E5 "&$T$16&" pendente(s) | Exibindo até 5 demandas abertas mais antigas" -> Fluxo atual: sem demandas registradas | Gates: E3 0 pendente(s), E5 0 pendente(s) | Exibindo até 5 demandas abertas mais antigas | S24: Novas demandas Hypercare | T24: {=SUMPRODUCT(--(Lançamentos!$C$3:$C$1001<>""),--(Lançamentos!$AJ$3:$AJ$1001<>""))} -> 0
S25: Horas informadas | T25: {=SUMPRODUCT(--(Lançamentos!$C$3:$C$1001<>""),--ISNUMBER(Lançamentos!$T$3:$T$1001))} -> 0
B26: ID | C26: ATIVIDADE | G26: PROJETO | I26: STATUS | K26: ETAPA ATUAL | M26: % FLUXO | N26: DIAS | O26: SITUAÇÃO | Q26: LINK | S26: Ganho mensurado | T26: {=SUMPRODUCT(--(Lançamentos!$C$3:$C$1001<>""),--ISNUMBER(Lançamentos!$U$3:$U$1001),--(Lançamentos!$U$3:$U$1001>0),--ISNUMBER(Lançamentos!$V$3:$V$1001))} -> 0
B27: =IFERROR(INDEX(_xlfn.ANCHORARRAY($V$2),1,1),"") | C27: =IFERROR(INDEX(_xlfn.ANCHORARRAY($V$2),1,2),"") | G27: =IFERROR(INDEX(_xlfn.ANCHORARRAY($V$2),1,3),"") | I27: =IFERROR(INDEX(_xlfn.ANCHORARRAY($V$2),1,4),"") | K27: =IFERROR(INDEX(_xlfn.ANCHORARRAY($V$2),1,5),"") | M27: =IFERROR(INDEX(_xlfn.ANCHORARRAY($V$2),1,6),"") | N27: =IFERROR(INDEX(_xlfn.ANCHORARRAY($V$2),1,7),"") | O27: =IFERROR(INDEX(_xlfn.ANCHORARRAY($V$2),1,8),"") | Q27: =IF($B27="","",HYPERLINK("#'Lançamentos'!B"&MATCH($B27,Lançamentos!$B:$B,0),"Abrir")) | S27: Projeto classificado | T27: {=SUMPRODUCT(--(Lançamentos!$C$3:$C$1001<>""),--(Lançamentos!$F$3:$F$1001<>""),--ISNUMBER(MATCH(Lançamentos!$F$3:$F$1001,Cadastros!$B$6:$B$48,0)))} -> 0
B28: =IFERROR(INDEX(_xlfn.ANCHORARRAY($V$2),2,1),"") | C28: =IFERROR(INDEX(_xlfn.ANCHORARRAY($V$2),2,2),"") | G28: =IFERROR(INDEX(_xlfn.ANCHORARRAY($V$2),2,3),"") | I28: =IFERROR(INDEX(_xlfn.ANCHORARRAY($V$2),2,4),"") | K28: =IFERROR(INDEX(_xlfn.ANCHORARRAY($V$2),2,5),"") | M28: =IFERROR(INDEX(_xlfn.ANCHORARRAY($V$2),2,6),"") | N28: =IFERROR(INDEX(_xlfn.ANCHORARRAY($V$2),2,7),"") | O28: =IFERROR(INDEX(_xlfn.ANCHORARRAY($V$2),2,8),"") | Q28: =IF($B28="","",HYPERLINK("#'Lançamentos'!B"&MATCH($B28,Lançamentos!$B:$B,0),"Abrir")) | S28: Pilar classificado | T28: {=SUMPRODUCT(--(Lançamentos!$C$3:$C$1001<>""),--(Lançamentos!$H$3:$H$1001<>""),--ISNUMBER(MATCH(Lançamentos!$H$3:$H$1001,Cadastros!$K$6:$K$48,0)))} -> 0
B29: =IFERROR(INDEX(_xlfn.ANCHORARRAY($V$2),3,1),"") | C29: =IFERROR(INDEX(_xlfn.ANCHORARRAY($V$2),3,2),"") | G29: =IFERROR(INDEX(_xlfn.ANCHORARRAY($V$2),3,3),"") | I29: =IFERROR(INDEX(_xlfn.ANCHORARRAY($V$2),3,4),"") | K29: =IFERROR(INDEX(_xlfn.ANCHORARRAY($V$2),3,5),"") | M29: =IFERROR(INDEX(_xlfn.ANCHORARRAY($V$2),3,6),"") | N29: =IFERROR(INDEX(_xlfn.ANCHORARRAY($V$2),3,7),"") | O29: =IFERROR(INDEX(_xlfn.ANCHORARRAY($V$2),3,8),"") | Q29: =IF($B29="","",HYPERLINK("#'Lançamentos'!B"&MATCH($B29,Lançamentos!$B:$B,0),"Abrir")) | S29: Departamento classificado | T29: {=SUMPRODUCT(--(Lançamentos!$C$3:$C$1001<>""),--(Lançamentos!$L$3:$L$1001<>""),--ISNUMBER(MATCH(Lançamentos!$L$3:$L$1001,Cadastros!$L$6:$L$48,0)))} -> 0
B30: =IFERROR(INDEX(_xlfn.ANCHORARRAY($V$2),4,1),"") | C30: =IFERROR(INDEX(_xlfn.ANCHORARRAY($V$2),4,2),"") | G30: =IFERROR(INDEX(_xlfn.ANCHORARRAY($V$2),4,3),"") | I30: =IFERROR(INDEX(_xlfn.ANCHORARRAY($V$2),4,4),"") | K30: =IFERROR(INDEX(_xlfn.ANCHORARRAY($V$2),4,5),"") | M30: =IFERROR(INDEX(_xlfn.ANCHORARRAY($V$2),4,6),"") | N30: =IFERROR(INDEX(_xlfn.ANCHORARRAY($V$2),4,7),"") | O30: =IFERROR(INDEX(_xlfn.ANCHORARRAY($V$2),4,8),"") | Q30: =IF($B30="","",HYPERLINK("#'Lançamentos'!B"&MATCH($B30,Lançamentos!$B:$B,0),"Abrir")) | S30: Inconsistências classificação | T30: {=SUMPRODUCT(--(Lançamentos!$C$3:$C$1001<>""),--(((Lançamentos!$F$3:$F$1001="")+ISNA(MATCH(Lançamentos!$F$3:$F$1001,Cadastros!$B$6:$B$48,0))+(Lançamentos!$H$3:$H$1001="")+ISNA(MATCH(Lançamentos!$H$3:$H$1001,Cadastros!$K$6:$K$48,0))+(Lançamentos!$L$3:$L$1001="")+ISNA(MATCH(Lançamentos!$L$3:$L$1001,Cadastros!$L$6:$L$48,0)))>0))} -> 0
B31: =IFERROR(INDEX(_xlfn.ANCHORARRAY($V$2),5,1),"") | C31: =IFERROR(INDEX(_xlfn.ANCHORARRAY($V$2),5,2),"") | G31: =IFERROR(INDEX(_xlfn.ANCHORARRAY($V$2),5,3),"") | I31: =IFERROR(INDEX(_xlfn.ANCHORARRAY($V$2),5,4),"") | K31: =IFERROR(INDEX(_xlfn.ANCHORARRAY($V$2),5,5),"") | M31: =IFERROR(INDEX(_xlfn.ANCHORARRAY($V$2),5,6),"") | N31: =IFERROR(INDEX(_xlfn.ANCHORARRAY($V$2),5,7),"") | O31: =IFERROR(INDEX(_xlfn.ANCHORARRAY($V$2),5,8),"") | Q31: =IF($B31="","",HYPERLINK("#'Lançamentos'!B"&MATCH($B31,Lançamentos!$B:$B,0),"Abrir")) | S31: IDs duplicados | T31: {=SUMPRODUCT(--(Lançamentos!$C$3:$C$1001<>""),--(COUNTIF(Lançamentos!$B$3:$B$1001,Lançamentos!$B$3:$B$1001)>1))} -> 0
B32: =IFERROR(INDEX(_xlfn.ANCHORARRAY($V$2),6,1),"") | C32: =IFERROR(INDEX(_xlfn.ANCHORARRAY($V$2),6,2),"") | G32: =IFERROR(INDEX(_xlfn.ANCHORARRAY($V$2),6,3),"") | I32: =IFERROR(INDEX(_xlfn.ANCHORARRAY($V$2),6,4),"") | K32: =IFERROR(INDEX(_xlfn.ANCHORARRAY($V$2),6,5),"") | M32: =IFERROR(INDEX(_xlfn.ANCHORARRAY($V$2),6,6),"") | N32: =IFERROR(INDEX(_xlfn.ANCHORARRAY($V$2),6,7),"") | O32: =IFERROR(INDEX(_xlfn.ANCHORARRAY($V$2),6,8),"") | Q32: =IF($B32="","",HYPERLINK("#'Lançamentos'!B"&MATCH($B32,Lançamentos!$B:$B,0),"Abrir")) | S32: Inconsistências Hypercare | T32: {=SUMPRODUCT(--(Lançamentos!$C$3:$C$502<>""),--ISNUMBER(SEARCH("Em Estabilização",Lançamentos!$AI$3:$AI$502)),--('Workflow (Tracker)'!$K$26:$K$525<>"Concluído"),--ISERROR(SEARCH("E08",'Workflow (Tracker)'!$M$26:$M$525)))} -> 0
B33: =IFERROR(INDEX(_xlfn.ANCHORARRAY($V$2),7,1),"") | C33: =IFERROR(INDEX(_xlfn.ANCHORARRAY($V$2),7,2),"") | G33: =IFERROR(INDEX(_xlfn.ANCHORARRAY($V$2),7,3),"") | I33: =IFERROR(INDEX(_xlfn.ANCHORARRAY($V$2),7,4),"") | K33: =IFERROR(INDEX(_xlfn.ANCHORARRAY($V$2),7,5),"") | M33: =IFERROR(INDEX(_xlfn.ANCHORARRAY($V$2),7,6),"") | N33: =IFERROR(INDEX(_xlfn.ANCHORARRAY($V$2),7,7),"") | O33: =IFERROR(INDEX(_xlfn.ANCHORARRAY($V$2),7,8),"") | Q33: =IF($B33="","",HYPERLINK("#'Lançamentos'!B"&MATCH($B33,Lançamentos!$B:$B,0),"Abrir")) | S33: Demandas críticas | T33: {=SUMPRODUCT(--(Lançamentos!$C$3:$C$502<>""),--(((MMULT(--('Workflow (Tracker)'!$E$26:$L$525="Bloqueado"),TRANSPOSE(COLUMN('Workflow (Tracker)'!$E$26:$L$26)^0))>0)+((Lançamentos!$AD$3:$AD$502<>"")*(Lançamentos!$AF$3:$AF$502="")*(Lançamentos!$AE$3:$AE$502<TODAY()))+ISNUMBER(SEARCH("Incidente Crítico",Lançamentos!$AI$3:$AI$502)))>0))} -> 0
B34: =IFERROR(INDEX(_xlfn.ANCHORARRAY($V$2),8,1),"") | C34: =IFERROR(INDEX(_xlfn.ANCHORARRAY($V$2),8,2),"") | G34: =IFERROR(INDEX(_xlfn.ANCHORARRAY($V$2),8,3),"") | I34: =IFERROR(INDEX(_xlfn.ANCHORARRAY($V$2),8,4),"") | K34: =IFERROR(INDEX(_xlfn.ANCHORARRAY($V$2),8,5),"") | M34: =IFERROR(INDEX(_xlfn.ANCHORARRAY($V$2),8,6),"") | N34: =IFERROR(INDEX(_xlfn.ANCHORARRAY($V$2),8,7),"") | O34: =IFERROR(INDEX(_xlfn.ANCHORARRAY($V$2),8,8),"") | Q34: =IF($B34="","",HYPERLINK("#'Lançamentos'!B"&MATCH($B34,Lançamentos!$B:$B,0),"Abrir")) | S34: Status executivo | T34: =IF(T33>0,"CRÍTICO",IF(T4>0,"ACOMPANHAR","ESTÁVEL")) -> ESTÁVEL
B35: =IFERROR(INDEX(_xlfn.ANCHORARRAY($V$2),9,1),"") | C35: =IFERROR(INDEX(_xlfn.ANCHORARRAY($V$2),9,2),"") | G35: =IFERROR(INDEX(_xlfn.ANCHORARRAY($V$2),9,3),"") | I35: =IFERROR(INDEX(_xlfn.ANCHORARRAY($V$2),9,4),"") | K35: =IFERROR(INDEX(_xlfn.ANCHORARRAY($V$2),9,5),"") | M35: =IFERROR(INDEX(_xlfn.ANCHORARRAY($V$2),9,6),"") | N35: =IFERROR(INDEX(_xlfn.ANCHORARRAY($V$2),9,7),"") | O35: =IFERROR(INDEX(_xlfn.ANCHORARRAY($V$2),9,8),"") | Q35: =IF($B35="","",HYPERLINK("#'Lançamentos'!B"&MATCH($B35,Lançamentos!$B:$B,0),"Abrir")) | S35: Concentração Top 3 | T35: {=_xlfn.LET(_xlpm.g,_xlfn._xlws.FILTER(Lançamentos!$W$3:$W$1001,(Lançamentos!$C$3:$C$1001<>"")*(Lançamentos!$O$3:$O$1001<>"Apoio")*(Lançamentos!$W$3:$W$1001>0)),_xlpm.n,MIN(3,ROWS(_xlpm.g)),IFERROR(SUM(LARGE(_xlpm.g,_xlfn.SEQUENCE(_xlpm.n)))/T9,""))}
B36: =IFERROR(INDEX(_xlfn.ANCHORARRAY($V$2),10,1),"") | C36: =IFERROR(INDEX(_xlfn.ANCHORARRAY($V$2),10,2),"") | G36: =IFERROR(INDEX(_xlfn.ANCHORARRAY($V$2),10,3),"") | I36: =IFERROR(INDEX(_xlfn.ANCHORARRAY($V$2),10,4),"") | K36: =IFERROR(INDEX(_xlfn.ANCHORARRAY($V$2),10,5),"") | M36: =IFERROR(INDEX(_xlfn.ANCHORARRAY($V$2),10,6),"") | N36: =IFERROR(INDEX(_xlfn.ANCHORARRAY($V$2),10,7),"") | O36: =IFERROR(INDEX(_xlfn.ANCHORARRAY($V$2),10,8),"") | Q36: =IF($B36="","",HYPERLINK("#'Lançamentos'!B"&MATCH($B36,Lançamentos!$B:$B,0),"Abrir")) | S36: Maior ganho | T36: =IFERROR(_xlfn.MAXIFS(Lançamentos!$W$3:$W$1001,Lançamentos!$C$3:$C$1001,"<>",Lançamentos!$O$3:$O$1001,"<>Apoio"),"") -> 0
S37: Dias demanda mais antiga | T37: {=_xlfn.LET(_xlpm.m,(Lançamentos!$C$3:$C$1001<>"")*(Lançamentos!$AL$3:$AL$1001<>"Encerrado")*(Lançamentos!$AL$3:$AL$1001<>"Cancelado"),_xlpm.d,_xlfn._xlws.FILTER(Lançamentos!$C$3:$C$1001,_xlpm.m),IFERROR(MAX(TODAY()-_xlpm.d),""))}
B38: BLOCO 4 — IMPACTO GERADO | S38: ID demanda mais antiga | T38: {=_xlfn.LET(_xlpm.m,(Lançamentos!$C$3:$C$1001<>"")*(Lançamentos!$AL$3:$AL$1001<>"Encerrado")*(Lançamentos!$AL$3:$AL$1001<>"Cancelado"),_xlpm.d,_xlfn._xlws.FILTER(Lançamentos!$C$3:$C$1001,_xlpm.m),_xlpm.ids,_xlfn._xlws.FILTER(Lançamentos!$B$3:$B$1001,_xlpm.m),IFERROR(_xlfn.XLOOKUP(MIN(_xlpm.d),_xlpm.d,_xlpm.ids),""))}
B39: ="CAPACIDADE MENSAL LIBERADA"&CHAR(10)&TEXT($T$9,"#.##0,0")&" h/mês" -> CAPACIDADE MENSAL LIBERADA 0,0 h/mês | H39: ="CAPACIDADE ANUALIZADA"&CHAR(10)&TEXT($T$10,"#.##0,0")&" h/ano" -> CAPACIDADE ANUALIZADA 0,0 h/ano | N39: ="CONCENTRAÇÃO TOP 3"&CHAR(10)&TEXT($T$35,"0,0%")&" do ganho total" -> CONCENTRAÇÃO TOP 3 do ganho total | S39: Atividade maior ganho | T39: =IF(T36="","",_xlfn.XLOOKUP(T36,Lançamentos!$W$3:$W$1001,Lançamentos!$J$3:$J$1001,""))
S40: Projeto maior ganho | T40: =IF(T36="","",_xlfn.XLOOKUP(T36,Lançamentos!$W$3:$W$1001,Lançamentos!$F$3:$F$1001,""))
S41: IDs inconsistência HC | T41: {=IFERROR(_xlfn.TEXTJOIN(", ",TRUE,_xlfn._xlws.FILTER(Lançamentos!$B$3:$B$502,(Lançamentos!$C$3:$C$502<>"")*ISNUMBER(SEARCH("Em Estabilização",Lançamentos!$AI$3:$AI$502))*('Workflow (Tracker)'!$K$26:$K$525<>"Concluído")*ISERROR(SEARCH("E08",'Workflow (Tracker)'!$M$26:$M$525)))),"")}
S42: Resumo fluxo | T42: {=IF($T$2=0,"",_xlfn.LET(_xlpm.st,_xlfn._xlws.FILTER('Workflow (Tracker)'!$M$26:$M$525,'Workflow (Tracker)'!$B$26:$B$525<>""),_xlpm.u,_xlfn.UNIQUE(_xlpm.st),_xlpm.n,_xlfn.MAP(_xlpm.u,_xlfn.LAMBDA(_xlpm.x,SUM(--(_xlpm.st=_xlpm.x)))),_xlfn.TEXTJOIN(" | ",TRUE,_xlpm.n&" "&SUBSTITUTE(_xlpm.u,"✔ Fluxo concluído","Concluídas"))))}
S43: Demandas com gate pendente | T43: {=SUMPRODUCT(--('Workflow (Tracker)'!$B$26:$B$525<>""),--((('Workflow (Tracker)'!$G$26:$G$525<>"Concluído")+('Workflow (Tracker)'!$I$26:$I$525<>"Concluído"))>0),--(_xlfn.XLOOKUP('Workflow (Tracker)'!$B$26:$B$525,Lançamentos!$B$3:$B$1001,Lançamentos!$AL$3:$AL$1001,"")<>"Cancelado"))} -> 0
B44: POSIÇÃO | C44: ATIVIDADE | H44: PROJETO | L44: GANHO H/MÊS | N44: % REDUÇÃO | P44: IMPACTO | S44: Atualização | T44: =SUBSTITUTE(Capa!$D$57,"Documento controlado · ","") -> Atualizado em 30/07/2026
B45: =IFERROR(INDEX(_xlfn.ANCHORARRAY($AE$2),1,1),"") | C45: =IFERROR(HYPERLINK("#'Lançamentos'!B"&MATCH(INDEX(_xlfn.ANCHORARRAY($AE$2),1,6),Lançamentos!$B:$B,0),INDEX(_xlfn.ANCHORARRAY($AE$2),1,2)),"") | H45: =IFERROR(INDEX(_xlfn.ANCHORARRAY($AE$2),1,3),"") | L45: =IFERROR(INDEX(_xlfn.ANCHORARRAY($AE$2),1,4),"") | N45: =IFERROR(INDEX(_xlfn.ANCHORARRAY($AE$2),1,5),"") | P45: =IF($L45="","",REPT("█",ROUND($L45/$T$36*12,0)))
B46: =IFERROR(INDEX(_xlfn.ANCHORARRAY($AE$2),2,1),"") | C46: =IFERROR(HYPERLINK("#'Lançamentos'!B"&MATCH(INDEX(_xlfn.ANCHORARRAY($AE$2),2,6),Lançamentos!$B:$B,0),INDEX(_xlfn.ANCHORARRAY($AE$2),2,2)),"") | H46: =IFERROR(INDEX(_xlfn.ANCHORARRAY($AE$2),2,3),"") | L46: =IFERROR(INDEX(_xlfn.ANCHORARRAY($AE$2),2,4),"") | N46: =IFERROR(INDEX(_xlfn.ANCHORARRAY($AE$2),2,5),"") | P46: =IF($L46="","",REPT("█",ROUND($L46/$T$36*12,0)))
B47: =IFERROR(INDEX(_xlfn.ANCHORARRAY($AE$2),3,1),"") | C47: =IFERROR(HYPERLINK("#'Lançamentos'!B"&MATCH(INDEX(_xlfn.ANCHORARRAY($AE$2),3,6),Lançamentos!$B:$B,0),INDEX(_xlfn.ANCHORARRAY($AE$2),3,2)),"") | H47: =IFERROR(INDEX(_xlfn.ANCHORARRAY($AE$2),3,3),"") | L47: =IFERROR(INDEX(_xlfn.ANCHORARRAY($AE$2),3,4),"") | N47: =IFERROR(INDEX(_xlfn.ANCHORARRAY($AE$2),3,5),"") | P47: =IF($L47="","",REPT("█",ROUND($L47/$T$36*12,0)))
B48: =IFERROR(INDEX(_xlfn.ANCHORARRAY($AE$2),4,1),"") | C48: =IFERROR(HYPERLINK("#'Lançamentos'!B"&MATCH(INDEX(_xlfn.ANCHORARRAY($AE$2),4,6),Lançamentos!$B:$B,0),INDEX(_xlfn.ANCHORARRAY($AE$2),4,2)),"") | H48: =IFERROR(INDEX(_xlfn.ANCHORARRAY($AE$2),4,3),"") | L48: =IFERROR(INDEX(_xlfn.ANCHORARRAY($AE$2),4,4),"") | N48: =IFERROR(INDEX(_xlfn.ANCHORARRAY($AE$2),4,5),"") | P48: =IF($L48="","",REPT("█",ROUND($L48/$T$36*12,0)))
B49: =IFERROR(INDEX(_xlfn.ANCHORARRAY($AE$2),5,1),"") | C49: =IFERROR(HYPERLINK("#'Lançamentos'!B"&MATCH(INDEX(_xlfn.ANCHORARRAY($AE$2),5,6),Lançamentos!$B:$B,0),INDEX(_xlfn.ANCHORARRAY($AE$2),5,2)),"") | H49: =IFERROR(INDEX(_xlfn.ANCHORARRAY($AE$2),5,3),"") | L49: =IFERROR(INDEX(_xlfn.ANCHORARRAY($AE$2),5,4),"") | N49: =IFERROR(INDEX(_xlfn.ANCHORARRAY($AE$2),5,5),"") | P49: =IF($L49="","",REPT("█",ROUND($L49/$T$36*12,0)))
B51: BLOCO 5 — DISTRIBUIÇÃO DO IMPACTO
B52: DIMENSÃO | E52: Projeto | H52: =IFERROR(INDEX(_xlfn.ANCHORARRAY($AL$2),1,1)&" representa "&TEXT(INDEX(_xlfn.ANCHORARRAY($AL$2),1,6),"0,0%")&" do ganho mensal na visão por "&LOWER($E$52)&".","")
B54: CLASSIFICAÇÃO | G54: DEMANDAS | I54: CONCLUÍDAS | K54: HORAS | M54: GANHO H/MÊS | O54: % GANHO | P54: IMPACTO
B55: =IFERROR(INDEX(_xlfn.ANCHORARRAY($AL$2),1,1),"") | G55: =IFERROR(INDEX(_xlfn.ANCHORARRAY($AL$2),1,2),"") | I55: =IFERROR(INDEX(_xlfn.ANCHORARRAY($AL$2),1,3),"") | K55: =IFERROR(INDEX(_xlfn.ANCHORARRAY($AL$2),1,4),"") | M55: =IFERROR(INDEX(_xlfn.ANCHORARRAY($AL$2),1,5),"") | O55: =IFERROR(INDEX(_xlfn.ANCHORARRAY($AL$2),1,6),"") | P55: =IF($M55="","",REPT("█",ROUND($M55/MAX(INDEX(_xlfn.ANCHORARRAY($AL$2),0,5))*12,0)))
B56: =IFERROR(INDEX(_xlfn.ANCHORARRAY($AL$2),2,1),"") | G56: =IFERROR(INDEX(_xlfn.ANCHORARRAY($AL$2),2,2),"") | I56: =IFERROR(INDEX(_xlfn.ANCHORARRAY($AL$2),2,3),"") | K56: =IFERROR(INDEX(_xlfn.ANCHORARRAY($AL$2),2,4),"") | M56: =IFERROR(INDEX(_xlfn.ANCHORARRAY($AL$2),2,5),"") | O56: =IFERROR(INDEX(_xlfn.ANCHORARRAY($AL$2),2,6),"") | P56: =IF($M56="","",REPT("█",ROUND($M56/MAX(INDEX(_xlfn.ANCHORARRAY($AL$2),0,5))*12,0)))
B57: =IFERROR(INDEX(_xlfn.ANCHORARRAY($AL$2),3,1),"") | G57: =IFERROR(INDEX(_xlfn.ANCHORARRAY($AL$2),3,2),"") | I57: =IFERROR(INDEX(_xlfn.ANCHORARRAY($AL$2),3,3),"") | K57: =IFERROR(INDEX(_xlfn.ANCHORARRAY($AL$2),3,4),"") | M57: =IFERROR(INDEX(_xlfn.ANCHORARRAY($AL$2),3,5),"") | O57: =IFERROR(INDEX(_xlfn.ANCHORARRAY($AL$2),3,6),"") | P57: =IF($M57="","",REPT("█",ROUND($M57/MAX(INDEX(_xlfn.ANCHORARRAY($AL$2),0,5))*12,0)))
B58: =IFERROR(INDEX(_xlfn.ANCHORARRAY($AL$2),4,1),"") | G58: =IFERROR(INDEX(_xlfn.ANCHORARRAY($AL$2),4,2),"") | I58: =IFERROR(INDEX(_xlfn.ANCHORARRAY($AL$2),4,3),"") | K58: =IFERROR(INDEX(_xlfn.ANCHORARRAY($AL$2),4,4),"") | M58: =IFERROR(INDEX(_xlfn.ANCHORARRAY($AL$2),4,5),"") | O58: =IFERROR(INDEX(_xlfn.ANCHORARRAY($AL$2),4,6),"") | P58: =IF($M58="","",REPT("█",ROUND($M58/MAX(INDEX(_xlfn.ANCHORARRAY($AL$2),0,5))*12,0)))
B59: =IFERROR(INDEX(_xlfn.ANCHORARRAY($AL$2),5,1),"") | G59: =IFERROR(INDEX(_xlfn.ANCHORARRAY($AL$2),5,2),"") | I59: =IFERROR(INDEX(_xlfn.ANCHORARRAY($AL$2),5,3),"") | K59: =IFERROR(INDEX(_xlfn.ANCHORARRAY($AL$2),5,4),"") | M59: =IFERROR(INDEX(_xlfn.ANCHORARRAY($AL$2),5,5),"") | O59: =IFERROR(INDEX(_xlfn.ANCHORARRAY($AL$2),5,6),"") | P59: =IF($M59="","",REPT("█",ROUND($M59/MAX(INDEX(_xlfn.ANCHORARRAY($AL$2),0,5))*12,0)))
B60: =IFERROR(INDEX(_xlfn.ANCHORARRAY($AL$2),6,1),"") | G60: =IFERROR(INDEX(_xlfn.ANCHORARRAY($AL$2),6,2),"") | I60: =IFERROR(INDEX(_xlfn.ANCHORARRAY($AL$2),6,3),"") | K60: =IFERROR(INDEX(_xlfn.ANCHORARRAY($AL$2),6,4),"") | M60: =IFERROR(INDEX(_xlfn.ANCHORARRAY($AL$2),6,5),"") | O60: =IFERROR(INDEX(_xlfn.ANCHORARRAY($AL$2),6,6),"") | P60: =IF($M60="","",REPT("█",ROUND($M60/MAX(INDEX(_xlfn.ANCHORARRAY($AL$2),0,5))*12,0)))
B61: =IFERROR(INDEX(_xlfn.ANCHORARRAY($AL$2),7,1),"") | G61: =IFERROR(INDEX(_xlfn.ANCHORARRAY($AL$2),7,2),"") | I61: =IFERROR(INDEX(_xlfn.ANCHORARRAY($AL$2),7,3),"") | K61: =IFERROR(INDEX(_xlfn.ANCHORARRAY($AL$2),7,4),"") | M61: =IFERROR(INDEX(_xlfn.ANCHORARRAY($AL$2),7,5),"") | O61: =IFERROR(INDEX(_xlfn.ANCHORARRAY($AL$2),7,6),"") | P61: =IF($M61="","",REPT("█",ROUND($M61/MAX(INDEX(_xlfn.ANCHORARRAY($AL$2),0,5))*12,0)))
B62: =IFERROR(INDEX(_xlfn.ANCHORARRAY($AL$2),8,1),"") | G62: =IFERROR(INDEX(_xlfn.ANCHORARRAY($AL$2),8,2),"") | I62: =IFERROR(INDEX(_xlfn.ANCHORARRAY($AL$2),8,3),"") | K62: =IFERROR(INDEX(_xlfn.ANCHORARRAY($AL$2),8,4),"") | M62: =IFERROR(INDEX(_xlfn.ANCHORARRAY($AL$2),8,5),"") | O62: =IFERROR(INDEX(_xlfn.ANCHORARRAY($AL$2),8,6),"") | P62: =IF($M62="","",REPT("█",ROUND($M62/MAX(INDEX(_xlfn.ANCHORARRAY($AL$2),0,5))*12,0)))
B63: =IFERROR(INDEX(_xlfn.ANCHORARRAY($AL$2),9,1),"") | G63: =IFERROR(INDEX(_xlfn.ANCHORARRAY($AL$2),9,2),"") | I63: =IFERROR(INDEX(_xlfn.ANCHORARRAY($AL$2),9,3),"") | K63: =IFERROR(INDEX(_xlfn.ANCHORARRAY($AL$2),9,4),"") | M63: =IFERROR(INDEX(_xlfn.ANCHORARRAY($AL$2),9,5),"") | O63: =IFERROR(INDEX(_xlfn.ANCHORARRAY($AL$2),9,6),"") | P63: =IF($M63="","",REPT("█",ROUND($M63/MAX(INDEX(_xlfn.ANCHORARRAY($AL$2),0,5))*12,0)))
B64: =IFERROR(INDEX(_xlfn.ANCHORARRAY($AL$2),10,1),"") | G64: =IFERROR(INDEX(_xlfn.ANCHORARRAY($AL$2),10,2),"") | I64: =IFERROR(INDEX(_xlfn.ANCHORARRAY($AL$2),10,3),"") | K64: =IFERROR(INDEX(_xlfn.ANCHORARRAY($AL$2),10,4),"") | M64: =IFERROR(INDEX(_xlfn.ANCHORARRAY($AL$2),10,5),"") | O64: =IFERROR(INDEX(_xlfn.ANCHORARRAY($AL$2),10,6),"") | P64: =IF($M64="","",REPT("█",ROUND($M64/MAX(INDEX(_xlfn.ANCHORARRAY($AL$2),0,5))*12,0)))
B65: =IFERROR(INDEX(_xlfn.ANCHORARRAY($AL$2),11,1),"") | G65: =IFERROR(INDEX(_xlfn.ANCHORARRAY($AL$2),11,2),"") | I65: =IFERROR(INDEX(_xlfn.ANCHORARRAY($AL$2),11,3),"") | K65: =IFERROR(INDEX(_xlfn.ANCHORARRAY($AL$2),11,4),"") | M65: =IFERROR(INDEX(_xlfn.ANCHORARRAY($AL$2),11,5),"") | O65: =IFERROR(INDEX(_xlfn.ANCHORARRAY($AL$2),11,6),"") | P65: =IF($M65="","",REPT("█",ROUND($M65/MAX(INDEX(_xlfn.ANCHORARRAY($AL$2),0,5))*12,0)))
B66: ="Exibindo até 8 de "&ROWS(_xlfn.ANCHORARRAY($AL$2))&" classificações com movimentação | barras proporcionais ao ganho h/mês" -> Exibindo até 8 de 1 classificações com movimentação | barras proporcionais ao ganho h/mês
B68: BLOCO 6 — EFICIÊNCIA E ESTABILIZAÇÃO
B69: TAXA DE CONCLUSÃO | F69: REDUÇÃO MÉDIA | J69: LEAD TIME MÉDIO | N69: HYPERCARE NO PRAZO
B70: =TEXT($T$7,"0,0%") | F70: =TEXT($T$13,"0,0%") | J70: =TEXT($T$11,"0,0")&" dias" -> dias | N70: =TEXT($T$21,"0,0%")
B73: COBERTURA HYPERCARE | F73: EFICIÊNCIA DA TRANSFORMAÇÃO | J73: TEMPO MÉDIO HYPERCARE | N73: STATUS DO HYPERCARE
B74: =TEXT($T$22,"0,0%") | F74: =TEXT($T$12,"0,0")&"x"&CHAR(10)&"h/mês liberadas por hora investida" -> x h/mês liberadas por hora investida | J74: =TEXT($T$23,"0,0")&" dias"&CHAR(10)&$T$20&" encerrados estáveis" -> dias 0 encerrados estáveis | N74: =$T$19&" em estabilização efetiva | "&$T$17&" atrasos"&CHAR(10)&$T$18&" incidentes | "&$T$24&" novas demandas | "&$T$32&" inconsistências" -> 0 em estabilização efetiva | 0 atrasos 0 incidentes | 0 novas demandas | 0 inconsistências
B78: BLOCO 7 — INTEGRIDADE DOS DADOS
B79: QUALIDADE DE PREENCHIMENTO | G79: RECONCILIAÇÃO DA CARTEIRA | L79: STATUS DA INTEGRIDADE
B80: ="Horas informadas: "&$T$25&"/"&$T$2&" | "&TEXT(IF($T$2=0,0,$T$25/$T$2),"0,0%")&CHAR(10)&"Ganho mensurado: "&$T$26&"/"&$T$2&" | "&TEXT(IF($T$2=0,0,$T$26/$T$2),"0,0%") -> Horas informadas: 0/0 | 0,0% Ganho mensurado: 0/0 | 0,0% | G80: ="Carteira: "&$T$2&" | Projeto: "&$T$27&CHAR(10)&"Pilar: "&$T$28&" | Departamento: "&$T$29 -> Carteira: 0 | Projeto: 0 Pilar: 0 | Departamento: 0 | L80: =IF(AND($T$27=$T$2,$T$28=$T$2,$T$29=$T$2,$T$30=0,$T$31=0,$T$32=0),"🟢 INTEGRIDADE OK","🟠 REVISAR DADOS") -> 🟢 INTEGRIDADE OK
B82: ="Classificações inconsistentes: "&$T$30&" | IDs duplicados: "&$T$31&" | Inconsistências Hypercare: "&$T$32&IF($T$41<>""," ("&$T$41&")","") -> Classificações inconsistentes: 0 | IDs duplicados: 0 | Inconsistências Hypercare: 0
B83: ="Fonte de atualização disponível: "&$T$44&". Não existe sheet Metadados com horário de sincronização neste workbook." -> Fonte de atualização disponível: Atualizado em 30/07/2026. Não existe sheet Metadados com horário de sincronização neste workbook.

Sheet Leia-me
B2: LEIA-ME — MANUAL DE USO DA PLANILHA
B3: Gestão de Atividades & Workflow E1–E8 · Analista José Victor (JV)
B4: Torre Financeira CSC · Processos Integrados · Supervisão: Juliana Batista
B7: 1 · COMEÇANDO — O QUE FAZER NA PRIMEIRA VEZ
B8: ="1. Este arquivo é pessoal do analista "&$C$85&" (prefixo "&Prefixo&"), Departamento de Processos Integrados. Salve sempre como "&CHAR(34)&NomeArquivo&CHAR(34)&" e deposite na pasta compartilhada ao fim de cada semana para a consolidação da supervisão." -> 1. Este arquivo é pessoal do analista Viviane Lima (prefixo VL), Departamento de Processos Integrados. Salve sempre como "base-atividades-viviane_lima" e deposite na pasta compartilhada ao fim de cada semana para a consolidação da supervisão.
B9: ="2. Toda atividade nasce na aba Lançamentos: uma linha = uma atividade ou entrega. O ID Único ("&Prefixo&"-0001, "&Prefixo&"-0002…) é gerado automaticamente — nunca digite um ID à mão nem altere o prefixo "&Prefixo&". É ele que impede colisão de registros entre os analistas na consolidação." -> 2. Toda atividade nasce na aba Lançamentos: uma linha = uma atividade ou entrega. O ID Único (VL-0001, VL-0002…) é gerado automaticamente — nunca digite um ID à mão nem altere o prefixo VL. É ele que impede colisão de registros entre os analistas na consolidação.
B10: 3. Com a atividade lançada, percorra o fluxo E1 → E08 marcando os critérios de aceite nas oito abas de etapa. É nessas abas que a governança acontece: cada critério recebe um marcador de status e uma evidência.
B11: 4. Não existe status digitado à mão. As abas Workflow (Tracker), Dashboard e Dashboard derivam etapa atual, % do fluxo, gates, bloqueios e indicadores diretamente dos critérios e dos Lançamentos.
B12: 5. Antes da reunião com a gestora, abra a aba Acompanhamento Semanal e preencha apenas as seções marcadas com ✍️ (leva cerca de 5 minutos). As seções ⚙️ já chegam prontas.
B14: 2 · MAPA DAS ABAS — O QUE É CADA UMA
B15: Aba | C15: Tipo | D15: Função
B16: Capa | C16: Consulta | D16: Apresentação do arquivo: objetivo, fluxo de governança e mapa das abas.
B17: Leia-me | C17: Consulta | D17: Este manual: como preencher, legenda de status, regras de ouro e identificação.
B18: Dashboard | C18: Automática | D18: KPIs consolidados, funil E1–E8 e visões por projeto, pilar, status e Hypercare. | E18: Painel executivo único: cartões, velocímetros, funil E1–E8, gráficos e visões por projeto, pilar, departamento e Hypercare.
B19: Lançamentos | C19: Preencher | D19: Registro mestre: 1 linha = 1 atividade/entrega, 37 colunas, ID gerado automaticamente.
B20: Workflow (Tracker) | C20: Automática | D20: Status derivado das etapas, etapa atual, % do fluxo, gates e bloqueios. Não digite nada aqui.
B21: E1 — Solicitação | C21: Preencher | D21: 8 critérios: necessidade descrita, origem, impacto, evidências e recebimento confirmado.
B22: E2 — Triagem | C22: Preencher | D22: 8 critérios: tipo, área solicitante, prioridade, complexidade, categoria e responsável.
B23: E3 — Levantamento | C23: Preencher ⚠ | D23: 5 critérios: requisitos, escopo, riscos e critérios de aceite. GATE — trava o início da E4.
B24: E4 — Execução | C24: Preencher | D24: 7 critérios: execução planejada e realizada, progresso, qualidade e preparo da entrega.
B25: E5 — Validação | C25: Preencher ⚠ | D25: 5 critérios: validação do usuário e aprovação da gestão. GATE — trava o início da E6.
B26: E6 — Ajustes | C26: Preencher | D26: 6 critérios: achados priorizados, ajustes, pendências e nova validação. Etapa condicional.
B27: E7 — Entrega | C27: Preencher | D27: 4 critérios: solução disponibilizada, comunicada, encerrada no controle e evidências arquivadas.
B28: E08 — Estabilização Hypercare | C28: Preencher | D28: 6 critérios + controle de prazo do Hypercare (padrão 7 dias, ajustável).
B29: Acompanhamento Semanal | C29: Preencher | D29: Report da reunião semanal em 8 seções — 4 delas automáticas.
B30: Cadastros | C30: Consulta | D30: 14 listas mestras das validações (fonte única) — não alterar.
B31: PROMPT | C31: Referência | D31: Especificação técnica do sistema. Documento de apoio, não operacional.
B33: 3 · FLUXO DE GOVERNANÇA E1–E08 — 49 CRITÉRIOS DE ACEITE
B34: Etapa | C34: Critérios | D34: O que precisa estar concluído
B35: E1 — Solicitação | C35: 8 critérios | D35: Necessidade descrita, origem e identificação registradas, cenário e resultado esperado, impacto informado, evidências verificadas e recebimento confirmado.
B36: E2 — Triagem | C36: 8 critérios | D36: Tipo de demanda, área solicitante, prioridade, responsável, complexidade, categoria, vínculo com projeto e Tracker atualizado.
B37: E3 — Levantamento | C37: 5 · ⚠ GATE | D37: Requisitos levantados, escopo definido, riscos e dependências mapeados, critérios de aceite definidos e escopo validado. Sem os 5 concluídos, a E4 não pode iniciar.
B38: E4 — Execução | C38: 7 critérios | D38: Execução planejada e realizada, evolução registrada, progresso acompanhado, qualidade verificada, entrega preparada para validação e Tracker atualizado.
B39: E5 — Validação | C39: 5 · ⚠ GATE | D39: Entrega submetida, validação do usuário realizada, aprovação da gestão registrada, achados registrados e homologação formalizada. Sem os 5 concluídos, a E6 não pode iniciar.
B40: E6 — Ajustes | C40: 6 critérios | D40: Achados priorizados, ajustes executados, solução atualizada, pendências tratadas, nova validação e ajustes aprovados. Sem achados, marque Etapa 06 Aplicável? = Não.
B41: E7 — Entrega | C41: 4 · 🚀 Go-live | D41: Solução disponibilizada, entrega comunicada, projeto encerrado no controle e evidências arquivadas.
B42: E08 — Estabilização | C42: 6 critérios | D42: Suporte inicial prestado, solução monitorada, ocorrências registradas, correções emergenciais concluídas, estabilização confirmada e encerramento — ou novo ciclo na E1. Prazo padrão de 7 dias.
B44: 4 · LEGENDA DOS MARCADORES DE STATUS
B45: Marcador | C45: Usar quando | D45: Efeito no sistema
B46: ⏳ Pendente | C46: Ainda não iniciado | D46: A etapa permanece em aberto e a linha aparece em âmbar claro na aba da etapa.
B47: 🔄 Em andamento | C47: Em execução | D47: A etapa entra como Em andamento no Tracker; a linha aparece em azul claro.
B48: ✔ Concluído | C48: Atendido e com evidência | D48: Conta para o % da Etapa. Com todos os critérios aplicáveis concluídos, a linha inteira fica verde.
B49: ⛔ Bloqueado | C49: Travado por dependência | D49: Acende a etapa em vermelho no Tracker e no funil — é o sinal de que a gestora precisa agir.
B50: N/A | C50: Não se aplica à atividade | D50: Sai do cálculo: o denominador do % da Etapa se ajusta sozinho. A linha fica cinza.
B51: Como o % da Etapa é calculado: critérios concluídos ÷ critérios aplicáveis (os N/A saem do denominador). Enquanto faltar qualquer critério o teto é 99% — 100% só aparece com a etapa inteira concluída. A coluna Evidência / Referência fica destacada em vermelho claro quando a etapa chega a 100% sem nenhuma evidência registrada.
B53: 5 · PREENCHENDO A ABA LANÇAMENTOS
B54: ID Único | C54: ="Gerado sozinho a partir do prefixo "&Prefixo&" ("&Prefixo&"-0001, "&Prefixo&"-0002…). Nunca digite nem altere o prefixo. Não exclua linhas já lançadas — isso renumeraria os IDs e romperia o vínculo com as abas de etapa. Atividade descartada recebe Status = Cancelado." -> Gerado sozinho a partir do prefixo VL (VL-0001, VL-0002…). Nunca digite nem altere o prefixo. Não exclua linhas já lançadas — isso renumeraria os IDs e romperia o vínculo com as abas de etapa. Atividade descartada recebe Status = Cancelado.
B55: Listas suspensas | C55: Escolha o Projeto antes do Tema, o Pilar antes do Tipo de Demanda e o Depto. Envolvido antes da Pessoa Envolvida. Todos os valores vêm da aba Cadastros — digitar fora da lista quebra a consolidação automática.
B56: Resultado Alcançado | C56: Descreva em uma ou duas frases o que a entrega gerou de concreto. Esse texto alimenta o report mensal da supervisão.
B57: Ganho de produtividade | C57: Se a entrega reduziu um processo recorrente, informe Tempo Antes e Tempo Depois em HORAS POR MÊS. Ganho (h/mês) e % Redução se calculam sozinhos. Não confunda com Horas Gastas, que mede o SEU esforço na entrega.
B58: Trabalho em parceria | C58: Apenas UM participante é o Responsável: ele registra a atividade completa (antes/depois, resultado) e lista os colegas em Parceiros. Os demais lançam uma linha com Papel = Apoio, as próprias Horas Gastas e o ID da Atividade Principal. Linhas de Apoio não repetem Tempo Antes/Depois — assim nada conta em dobro.
B59: Bloco Hypercare (E08) | C59: Início, Encerramento Previsto e Real, Dias, Situação do Prazo e Resultado são espelhados da aba E08. Se o Hypercare gerar uma nova demanda, informe o ID Nova Demanda e abra o registro correspondente na E1.
B60: Campos calculados | C60: Ganho, % Redução, Lead Time Total, Status E08, % E08 e Status Geral Definitivo são derivados. Não digite nada nessas colunas.
B61: Linhas de exemplo | C61: São material de teste: exclua todas de uma vez antes do primeiro uso oficial. Excluir em bloco não afeta a regra de geração de IDs.
B63: 6 · ACOMPANHAMENTO SEMANAL — AS 8 SEÇÕES
B64: Seção | C64: Quem preenche | D64: O que entra
B65: 1. Resumo Executivo da Semana | C65: ✍️ Analista | D65: Período de referência e a visão geral do que a semana produziu.
B66: 2. Carteira em Aberto | C66: ⚙️ Automático | D66: Tudo que ainda não foi concluído nos Lançamentos, com os Dias em Aberto de cada item.
B67: 3. Complemento Semanal | C67: ✍️ Analista | D67: Digite apenas a Semana e o ID — Projeto, Atividade e Status sugerido vêm sozinhos. Você complementa motivo, o que foi feito, apoio necessário e previsão.
B68: 4. Entregas Concluídas na Semana | C68: ⚙️ Automático | D68: O que foi finalizado no período. Seção de leitura da gestora.
B69: 5. Pendências | C69: ⚙️ Automático | D69: Itens em aberto que dependem de você. Seção de leitura da gestora.
B70: 6. Impedimentos | C70: ⚙️ Automático | D70: Atividades com critério ⛔ Bloqueado. Seção de leitura da gestora.
B71: 7. Apoio Necessário | C71: ⚙️ Automático | D71: Onde a gestora precisa agir — é a seção de decisão da reunião.
B72: 8. Comunicação & Feedback | C72: ✍️ + 👩‍💼 Gestora | D72: Mensagem do analista, resposta da gestora e avaliação de performance, qualidade, prazo, prioridade da próxima semana e feedback.
B73: Atividade que atravessa semanas: enquanto não concluir, a MESMA atividade deve ser reportada em TODAS as semanas. Adicione uma NOVA linha na seção 3 com a semana atual e preserve as anteriores como histórico. A coluna Semanas Reportadas conta sozinha há quanto tempo o item está em aberto — a partir de 3 semanas ela fica vermelha, sinalizando gargalo para a gestora montar plano de ação.
B75: 7 · REGRAS DE OURO
B76: • Nunca digite valores fora das listas suspensas — isso quebra a consolidação automática.
B77: • Não exclua linhas já lançadas nem altere o prefixo FM; atividade descartada recebe Status = Cancelado.
B78: • Tempo Antes/Depois é do PROCESSO melhorado (h/mês); Horas Gastas é o SEU esforço na entrega.
B79: • Gates obrigatórios: sem a E3 concluída não inicie a E4; sem a E5 concluída não inicie a E6.
B80: • Em parcerias, apenas o Responsável registra a atividade completa; os demais lançam Papel = Apoio.
B81: • Status de etapa nunca é digitado — é derivado dos critérios. Não escreva nada no Tracker, no Dashboard nem no Dashboard.
B82: • Todo critério concluído precisa de Evidência / Referência registrada. Sem evidência, a homologação não se sustenta.
B84: 8 · IDENTIFICAÇÃO
B85: Analista responsável: | C85: Viviane Lima
B86: Prefixo de ID (exclusivo): | C86: VL | D86: não alterar — é o que garante ID único na consolidação
B87: Departamento: | C87: Processos Integrados
B88: Supervisora: | C88: Juliana Batista
B89: Estrutura: | C89: Torre Financeira — Centro de Serviços Compartilhados (CSC)
B90: Nome do arquivo: | C90: base-atividades-viviane_lima
B91: SGPI · Sistema de Gestão de Processos Integrados — Torre Financeira CSC | D91: ="Documento controlado · Atualizado em "&TEXT(TODAY(),"dd/mm/aaaa") -> Documento controlado · Atualizado em 30/07/2026

Sheet Lançamentos
B2: ID Único | C2: Data Início | D2: Data Conclusão | E2: Departamento | F2: Projeto | G2: Tema | H2: Pilar Proc. Integrados | I2: Tipo de Demanda | J2: Atividade (título curto) | K2: Descrição | L2: Depto. Envolvido (CSC) | M2: Pessoa Envolvida | N2: Parceria? | O2: Papel na Atividade | P2: Parceiros (equipe PI) | Q2: ID Atividade Principal | R2: Empresa | S2: Status | T2: Horas Gastas | U2: Tempo Antes (h/mês) | V2: Tempo Depois (h/mês) | W2: Ganho (h/mês) | X2: % Redução | Y2: Resultado Alcançado | Z2: Pendência / Próximo Passo | AA2: Observação | AB2: Status E08 | AC2: % E08 | AD2: Início Hypercare | AE2: Encerramento Previsto | AF2: Encerramento Real | AG2: Dias Hypercare | AH2: Situação Prazo E08 | AI2: Resultado Hypercare | AJ2: ID Nova Demanda | AK2: Lead Time Total | AL2: Status Geral Definitivo
B3: =IF($C3="","",Prefixo&"-"&TEXT(ROW()-2,"0000")) | H3: =IF('E2 — Triagem'!D8="","",'E2 — Triagem'!D8) | W3: =IF(OR($U3="",$V3="",$U3<=0),"",$U3-$V3) | X3: =IF(OR($U3="",$V3="",$U3<=0),"",($U3-$V3)/$U3) | AB3: =IF($B3="","",'Workflow (Tracker)'!L26) | AC3: =IF($B3="","",'E08 — Estabilização Hypercare'!K8) | AD3: =IF($B3="","",'E08 — Estabilização Hypercare'!O8) | AE3: =IF($B3="","",'E08 — Estabilização Hypercare'!Q8) | AF3: =IF(OR($B3="",'E08 — Estabilização Hypercare'!R8=""),"",'E08 — Estabilização Hypercare'!R8) | AG3: =IF($B3="","",'E08 — Estabilização Hypercare'!S8) | AH3: =IF($B3="","",'E08 — Estabilização Hypercare'!T8) | AI3: =IF($B3="","",'E08 — Estabilização Hypercare'!N8) | AJ3: =IF(OR($B3="",'E08 — Estabilização Hypercare'!U8=""),"",'E08 — Estabilização Hypercare'!U8) | AK3: =IF(OR($B3="",$AF3="",$C3=""),"",$AF3-$C3) | AL3: =IF($B3="","",IF($AB3="Concluído","Encerrado",IF(AND($S3="Concluído",$AB3<>"Concluído"),"Em Hypercare",$S3)))
B4: =IF($C4="","",Prefixo&"-"&TEXT(ROW()-2,"0000")) | H4: =IF('E2 — Triagem'!D9="","",'E2 — Triagem'!D9) | W4: =IF(OR($U4="",$V4="",$U4<=0),"",$U4-$V4) | X4: =IF(OR($U4="",$V4="",$U4<=0),"",($U4-$V4)/$U4) | AB4: =IF($B4="","",'Workflow (Tracker)'!L27) | AC4: =IF($B4="","",'E08 — Estabilização Hypercare'!K9) | AD4: =IF($B4="","",'E08 — Estabilização Hypercare'!O9) | AE4: =IF($B4="","",'E08 — Estabilização Hypercare'!Q9) | AF4: =IF(OR($B4="",'E08 — Estabilização Hypercare'!R9=""),"",'E08 — Estabilização Hypercare'!R9) | AG4: =IF($B4="","",'E08 — Estabilização Hypercare'!S9) | AH4: =IF($B4="","",'E08 — Estabilização Hypercare'!T9) | AI4: =IF($B4="","",'E08 — Estabilização Hypercare'!N9) | AJ4: =IF(OR($B4="",'E08 — Estabilização Hypercare'!U9=""),"",'E08 — Estabilização Hypercare'!U9) | AK4: =IF(OR($B4="",$AF4="",$C4=""),"",$AF4-$C4) | AL4: =IF($B4="","",IF($AB4="Concluído","Encerrado",IF(AND($S4="Concluído",$AB4<>"Concluído"),"Em Hypercare",$S4)))
B5: =IF($C5="","",Prefixo&"-"&TEXT(ROW()-2,"0000")) | H5: =IF('E2 — Triagem'!D10="","",'E2 — Triagem'!D10) | W5: =IF(OR($U5="",$V5="",$U5<=0),"",$U5-$V5) | X5: =IF(OR($U5="",$V5="",$U5<=0),"",($U5-$V5)/$U5) | AB5: =IF($B5="","",'Workflow (Tracker)'!L28) | AC5: =IF($B5="","",'E08 — Estabilização Hypercare'!K10) | AD5: =IF($B5="","",'E08 — Estabilização Hypercare'!O10) | AE5: =IF($B5="","",'E08 — Estabilização Hypercare'!Q10) | AF5: =IF(OR($B5="",'E08 — Estabilização Hypercare'!R10=""),"",'E08 — Estabilização Hypercare'!R10) | AG5: =IF($B5="","",'E08 — Estabilização Hypercare'!S10) | AH5: =IF($B5="","",'E08 — Estabilização Hypercare'!T10) | AI5: =IF($B5="","",'E08 — Estabilização Hypercare'!N10) | AJ5: =IF(OR($B5="",'E08 — Estabilização Hypercare'!U10=""),"",'E08 — Estabilização Hypercare'!U10) | AK5: =IF(OR($B5="",$AF5="",$C5=""),"",$AF5-$C5) | AL5: =IF($B5="","",IF($AB5="Concluído","Encerrado",IF(AND($S5="Concluído",$AB5<>"Concluído"),"Em Hypercare",$S5)))
B6: =IF($C6="","",Prefixo&"-"&TEXT(ROW()-2,"0000")) | H6: =IF('E2 — Triagem'!D11="","",'E2 — Triagem'!D11) | W6: =IF(OR($U6="",$V6="",$U6<=0),"",$U6-$V6) | X6: =IF(OR($U6="",$V6="",$U6<=0),"",($U6-$V6)/$U6) | AB6: =IF($B6="","",'Workflow (Tracker)'!L29) | AC6: =IF($B6="","",'E08 — Estabilização Hypercare'!K11) | AD6: =IF($B6="","",'E08 — Estabilização Hypercare'!O11) | AE6: =IF($B6="","",'E08 — Estabilização Hypercare'!Q11) | AF6: =IF(OR($B6="",'E08 — Estabilização Hypercare'!R11=""),"",'E08 — Estabilização Hypercare'!R11) | AG6: =IF($B6="","",'E08 — Estabilização Hypercare'!S11) | AH6: =IF($B6="","",'E08 — Estabilização Hypercare'!T11) | AI6: =IF($B6="","",'E08 — Estabilização Hypercare'!N11) | AJ6: =IF(OR($B6="",'E08 — Estabilização Hypercare'!U11=""),"",'E08 — Estabilização Hypercare'!U11) | AK6: =IF(OR($B6="",$AF6="",$C6=""),"",$AF6-$C6) | AL6: =IF($B6="","",IF($AB6="Concluído","Encerrado",IF(AND($S6="Concluído",$AB6<>"Concluído"),"Em Hypercare",$S6)))
B7: =IF($C7="","",Prefixo&"-"&TEXT(ROW()-2,"0000")) | H7: =IF('E2 — Triagem'!D12="","",'E2 — Triagem'!D12) | W7: =IF(OR($U7="",$V7="",$U7<=0),"",$U7-$V7) | X7: =IF(OR($U7="",$V7="",$U7<=0),"",($U7-$V7)/$U7) | AB7: =IF($B7="","",'Workflow (Tracker)'!L30) | AC7: =IF($B7="","",'E08 — Estabilização Hypercare'!K12) | AD7: =IF($B7="","",'E08 — Estabilização Hypercare'!O12) | AE7: =IF($B7="","",'E08 — Estabilização Hypercare'!Q12) | AF7: =IF(OR($B7="",'E08 — Estabilização Hypercare'!R12=""),"",'E08 — Estabilização Hypercare'!R12) | AG7: =IF($B7="","",'E08 — Estabilização Hypercare'!S12) | AH7: =IF($B7="","",'E08 — Estabilização Hypercare'!T12) | AI7: =IF($B7="","",'E08 — Estabilização Hypercare'!N12) | AJ7: =IF(OR($B7="",'E08 — Estabilização Hypercare'!U12=""),"",'E08 — Estabilização Hypercare'!U12) | AK7: =IF(OR($B7="",$AF7="",$C7=""),"",$AF7-$C7) | AL7: =IF($B7="","",IF($AB7="Concluído","Encerrado",IF(AND($S7="Concluído",$AB7<>"Concluído"),"Em Hypercare",$S7)))
B8: =IF($C8="","",Prefixo&"-"&TEXT(ROW()-2,"0000")) | H8: =IF('E2 — Triagem'!D13="","",'E2 — Triagem'!D13) | W8: =IF(OR($U8="",$V8="",$U8<=0),"",$U8-$V8) | X8: =IF(OR($U8="",$V8="",$U8<=0),"",($U8-$V8)/$U8) | AB8: =IF($B8="","",'Workflow (Tracker)'!L31) | AC8: =IF($B8="","",'E08 — Estabilização Hypercare'!K13) | AD8: =IF($B8="","",'E08 — Estabilização Hypercare'!O13) | AE8: =IF($B8="","",'E08 — Estabilização Hypercare'!Q13) | AF8: =IF(OR($B8="",'E08 — Estabilização Hypercare'!R13=""),"",'E08 — Estabilização Hypercare'!R13) | AG8: =IF($B8="","",'E08 — Estabilização Hypercare'!S13) | AH8: =IF($B8="","",'E08 — Estabilização Hypercare'!T13) | AI8: =IF($B8="","",'E08 — Estabilização Hypercare'!N13) | AJ8: =IF(OR($B8="",'E08 — Estabilização Hypercare'!U13=""),"",'E08 — Estabilização Hypercare'!U13) | AK8: =IF(OR($B8="",$AF8="",$C8=""),"",$AF8-$C8) | AL8: =IF($B8="","",IF($AB8="Concluído","Encerrado",IF(AND($S8="Concluído",$AB8<>"Concluído"),"Em Hypercare",$S8)))
B9: =IF($C9="","",Prefixo&"-"&TEXT(ROW()-2,"0000")) | H9: =IF('E2 — Triagem'!D14="","",'E2 — Triagem'!D14) | W9: =IF(OR($U9="",$V9="",$U9<=0),"",$U9-$V9) | X9: =IF(OR($U9="",$V9="",$U9<=0),"",($U9-$V9)/$U9) | AB9: =IF($B9="","",'Workflow (Tracker)'!L32) | AC9: =IF($B9="","",'E08 — Estabilização Hypercare'!K14) | AD9: =IF($B9="","",'E08 — Estabilização Hypercare'!O14) | AE9: =IF($B9="","",'E08 — Estabilização Hypercare'!Q14) | AF9: =IF(OR($B9="",'E08 — Estabilização Hypercare'!R14=""),"",'E08 — Estabilização Hypercare'!R14) | AG9: =IF($B9="","",'E08 — Estabilização Hypercare'!S14) | AH9: =IF($B9="","",'E08 — Estabilização Hypercare'!T14) | AI9: =IF($B9="","",'E08 — Estabilização Hypercare'!N14) | AJ9: =IF(OR($B9="",'E08 — Estabilização Hypercare'!U14=""),"",'E08 — Estabilização Hypercare'!U14) | AK9: =IF(OR($B9="",$AF9="",$C9=""),"",$AF9-$C9) | AL9: =IF($B9="","",IF($AB9="Concluído","Encerrado",IF(AND($S9="Concluído",$AB9<>"Concluído"),"Em Hypercare",$S9)))
B10: =IF($C10="","",Prefixo&"-"&TEXT(ROW()-2,"0000")) | H10: =IF('E2 — Triagem'!D15="","",'E2 — Triagem'!D15) | W10: =IF(OR($U10="",$V10="",$U10<=0),"",$U10-$V10) | X10: =IF(OR($U10="",$V10="",$U10<=0),"",($U10-$V10)/$U10) | AB10: =IF($B10="","",'Workflow (Tracker)'!L33) | AC10: =IF($B10="","",'E08 — Estabilização Hypercare'!K15) | AD10: =IF($B10="","",'E08 — Estabilização Hypercare'!O15) | AE10: =IF($B10="","",'E08 — Estabilização Hypercare'!Q15) | AF10: =IF(OR($B10="",'E08 — Estabilização Hypercare'!R15=""),"",'E08 — Estabilização Hypercare'!R15) | AG10: =IF($B10="","",'E08 — Estabilização Hypercare'!S15) | AH10: =IF($B10="","",'E08 — Estabilização Hypercare'!T15) | AI10: =IF($B10="","",'E08 — Estabilização Hypercare'!N15) | AJ10: =IF(OR($B10="",'E08 — Estabilização Hypercare'!U15=""),"",'E08 — Estabilização Hypercare'!U15) | AK10: =IF(OR($B10="",$AF10="",$C10=""),"",$AF10-$C10) | AL10: =IF($B10="","",IF($AB10="Concluído","Encerrado",IF(AND($S10="Concluído",$AB10<>"Concluído"),"Em Hypercare",$S10)))
B11: =IF($C11="","",Prefixo&"-"&TEXT(ROW()-2,"0000")) | H11: =IF('E2 — Triagem'!D16="","",'E2 — Triagem'!D16) | W11: =IF(OR($U11="",$V11="",$U11<=0),"",$U11-$V11) | X11: =IF(OR($U11="",$V11="",$U11<=0),"",($U11-$V11)/$U11) | AB11: =IF($B11="","",'Workflow (Tracker)'!L34) | AC11: =IF($B11="","",'E08 — Estabilização Hypercare'!K16) | AD11: =IF($B11="","",'E08 — Estabilização Hypercare'!O16) | AE11: =IF($B11="","",'E08 — Estabilização Hypercare'!Q16) | AF11: =IF(OR($B11="",'E08 — Estabilização Hypercare'!R16=""),"",'E08 — Estabilização Hypercare'!R16) | AG11: =IF($B11="","",'E08 — Estabilização Hypercare'!S16) | AH11: =IF($B11="","",'E08 — Estabilização Hypercare'!T16) | AI11: =IF($B11="","",'E08 — Estabilização Hypercare'!N16) | AJ11: =IF(OR($B11="",'E08 — Estabilização Hypercare'!U16=""),"",'E08 — Estabilização Hypercare'!U16) | AK11: =IF(OR($B11="",$AF11="",$C11=""),"",$AF11-$C11) | AL11: =IF($B11="","",IF($AB11="Concluído","Encerrado",IF(AND($S11="Concluído",$AB11<>"Concluído"),"Em Hypercare",$S11)))
B12: =IF($C12="","",Prefixo&"-"&TEXT(ROW()-2,"0000")) | H12: =IF('E2 — Triagem'!D17="","",'E2 — Triagem'!D17) | W12: =IF(OR($U12="",$V12="",$U12<=0),"",$U12-$V12) | X12: =IF(OR($U12="",$V12="",$U12<=0),"",($U12-$V12)/$U12) | AB12: =IF($B12="","",'Workflow (Tracker)'!L35) | AC12: =IF($B12="","",'E08 — Estabilização Hypercare'!K17) | AD12: =IF($B12="","",'E08 — Estabilização Hypercare'!O17) | AE12: =IF($B12="","",'E08 — Estabilização Hypercare'!Q17) | AF12: =IF(OR($B12="",'E08 — Estabilização Hypercare'!R17=""),"",'E08 — Estabilização Hypercare'!R17) | AG12: =IF($B12="","",'E08 — Estabilização Hypercare'!S17) | AH12: =IF($B12="","",'E08 — Estabilização Hypercare'!T17) | AI12: =IF($B12="","",'E08 — Estabilização Hypercare'!N17) | AJ12: =IF(OR($B12="",'E08 — Estabilização Hypercare'!U17=""),"",'E08 — Estabilização Hypercare'!U17) | AK12: =IF(OR($B12="",$AF12="",$C12=""),"",$AF12-$C12) | AL12: =IF($B12="","",IF($AB12="Concluído","Encerrado",IF(AND($S12="Concluído",$AB12<>"Concluído"),"Em Hypercare",$S12)))
B13: =IF($C13="","",Prefixo&"-"&TEXT(ROW()-2,"0000")) | H13: =IF('E2 — Triagem'!D18="","",'E2 — Triagem'!D18) | W13: =IF(OR($U13="",$V13="",$U13<=0),"",$U13-$V13) | X13: =IF(OR($U13="",$V13="",$U13<=0),"",($U13-$V13)/$U13) | AB13: =IF($B13="","",'Workflow (Tracker)'!L36) | AC13: =IF($B13="","",'E08 — Estabilização Hypercare'!K18) | AD13: =IF($B13="","",'E08 — Estabilização Hypercare'!O18) | AE13: =IF($B13="","",'E08 — Estabilização Hypercare'!Q18) | AF13: =IF(OR($B13="",'E08 — Estabilização Hypercare'!R18=""),"",'E08 — Estabilização Hypercare'!R18) | AG13: =IF($B13="","",'E08 — Estabilização Hypercare'!S18) | AH13: =IF($B13="","",'E08 — Estabilização Hypercare'!T18) | AI13: =IF($B13="","",'E08 — Estabilização Hypercare'!N18) | AJ13: =IF(OR($B13="",'E08 — Estabilização Hypercare'!U18=""),"",'E08 — Estabilização Hypercare'!U18) | AK13: =IF(OR($B13="",$AF13="",$C13=""),"",$AF13-$C13) | AL13: =IF($B13="","",IF($AB13="Concluído","Encerrado",IF(AND($S13="Concluído",$AB13<>"Concluído"),"Em Hypercare",$S13)))
B14: =IF($C14="","",Prefixo&"-"&TEXT(ROW()-2,"0000")) | H14: =IF('E2 — Triagem'!D19="","",'E2 — Triagem'!D19) | W14: =IF(OR($U14="",$V14="",$U14<=0),"",$U14-$V14) | X14: =IF(OR($U14="",$V14="",$U14<=0),"",($U14-$V14)/$U14) | AB14: =IF($B14="","",'Workflow (Tracker)'!L37) | AC14: =IF($B14="","",'E08 — Estabilização Hypercare'!K19) | AD14: =IF($B14="","",'E08 — Estabilização Hypercare'!O19) | AE14: =IF($B14="","",'E08 — Estabilização Hypercare'!Q19) | AF14: =IF(OR($B14="",'E08 — Estabilização Hypercare'!R19=""),"",'E08 — Estabilização Hypercare'!R19) | AG14: =IF($B14="","",'E08 — Estabilização Hypercare'!S19) | AH14: =IF($B14="","",'E08 — Estabilização Hypercare'!T19) | AI14: =IF($B14="","",'E08 — Estabilização Hypercare'!N19) | AJ14: =IF(OR($B14="",'E08 — Estabilização Hypercare'!U19=""),"",'E08 — Estabilização Hypercare'!U19) | AK14: =IF(OR($B14="",$AF14="",$C14=""),"",$AF14-$C14) | AL14: =IF($B14="","",IF($AB14="Concluído","Encerrado",IF(AND($S14="Concluído",$AB14<>"Concluído"),"Em Hypercare",$S14)))
... B502: =IF($C502="","",Prefixo&"-"&TEXT(ROW()-2,"0000")) | H502: =IF('E2 — Triagem'!D507="","",'E2 — Triagem'!D507) | W502: =IF(OR($U502="",$V502="",$U502<=0),"",$U502-$V502) | X502: =IF(OR($U502="",$V502="",$U502<=0),"",($U502-$V502)/$U502) | AB502: =IF($B502="","",'Workflow (Tracker)'!L525) | AC502: =IF($B502="","",'E08 — Estabilização Hypercare'!K507) | AD502: =IF($B502="","",'E08 — Estabilização Hypercare'!O507) | AE502: =IF($B502="","",'E08 — Estabilização Hypercare'!Q507) | AF502: =IF(OR($B502="",'E08 — Estabilização Hypercare'!R507=""),"",'E08 — Estabilização Hypercare'!R507) | AG502: =IF($B502="","",'E08 — Estabilização Hypercare'!S507) | AH502: =IF($B502="","",'E08 — Estabilização Hypercare'!T507) | AI502: =IF($B502="","",'E08 — Estabilização Hypercare'!N507) | AJ502: =IF(OR($B502="",'E08 — Estabilização Hypercare'!U507=""),"",'E08 — Estabilização Hypercare'!U507) | AK502: =IF(OR($B502="",$AF502="",$C502=""),"",$AF502-$C502) | AL502: =IF($B502="","",IF($AB502="Concluído","Encerrado",IF(AND($S502="Concluído",$AB502<>"Concluído"),"Em Hypercare",$S502)))
B503: =IF($C503="","",Prefixo&"-"&TEXT(ROW()-2,"0000")) | W503: =IF(OR($U503="",$V503="",$U503<=0),"",$U503-$V503) | X503: =IF(OR($U503="",$V503="",$U503<=0),"",($U503-$V503)/$U503)
B504: =IF($C504="","",Prefixo&"-"&TEXT(ROW()-2,"0000")) | W504: =IF(OR($U504="",$V504="",$U504<=0),"",$U504-$V504) | X504: =IF(OR($U504="",$V504="",$U504<=0),"",($U504-$V504)/$U504)
B505: =IF($C505="","",Prefixo&"-"&TEXT(ROW()-2,"0000")) | W505: =IF(OR($U505="",$V505="",$U505<=0),"",$U505-$V505) | X505: =IF(OR($U505="",$V505="",$U505<=0),"",($U505-$V505)/$U505)
B506: =IF($C506="","",Prefixo&"-"&TEXT(ROW()-2,"0000")) | W506: =IF(OR($U506="",$V506="",$U506<=0),"",$U506-$V506) | X506: =IF(OR($U506="",$V506="",$U506<=0),"",($U506-$V506)/$U506)
B507: =IF($C507="","",Prefixo&"-"&TEXT(ROW()-2,"0000")) | W507: =IF(OR($U507="",$V507="",$U507<=0),"",$U507-$V507) | X507: =IF(OR($U507="",$V507="",$U507<=0),"",($U507-$V507)/$U507)
B508: =IF($C508="","",Prefixo&"-"&TEXT(ROW()-2,"0000")) | W508: =IF(OR($U508="",$V508="",$U508<=0),"",$U508-$V508) | X508: =IF(OR($U508="",$V508="",$U508<=0),"",($U508-$V508)/$U508)
B509: =IF($C509="","",Prefixo&"-"&TEXT(ROW()-2,"0000")) | W509: =IF(OR($U509="",$V509="",$U509<=0),"",$U509-$V509) | X509: =IF(OR($U509="",$V509="",$U509<=0),"",($U509-$V509)/$U509)
B510: =IF($C510="","",Prefixo&"-"&TEXT(ROW()-2,"0000")) | W510: =IF(OR($U510="",$V510="",$U510<=0),"",$U510-$V510) | X510: =IF(OR($U510="",$V510="",$U510<=0),"",($U510-$V510)/$U510)
B511: =IF($C511="","",Prefixo&"-"&TEXT(ROW()-2,"0000")) | W511: =IF(OR($U511="",$V511="",$U511<=0),"",$U511-$V511) | X511: =IF(OR($U511="",$V511="",$U511<=0),"",($U511-$V511)/$U511)
B512: =IF($C512="","",Prefixo&"-"&TEXT(ROW()-2,"0000")) | W512: =IF(OR($U512="",$V512="",$U512<=0),"",$U512-$V512) | X512: =IF(OR($U512="",$V512="",$U512<=0),"",($U512-$V512)/$U512)
B513: =IF($C513="","",Prefixo&"-"&TEXT(ROW()-2,"0000")) | W513: =IF(OR($U513="",$V513="",$U513<=0),"",$U513-$V513) | X513: =IF(OR($U513="",$V513="",$U513<=0),"",($U513-$V513)/$U513)
B514: =IF($C514="","",Prefixo&"-"&TEXT(ROW()-2,"0000")) | W514: =IF(OR($U514="",$V514="",$U514<=0),"",$U514-$V514) | X514: =IF(OR($U514="",$V514="",$U514<=0),"",($U514-$V514)/$U514)
... B1001: =IF($C1001="","",Prefixo&"-"&TEXT(ROW()-2,"0000")) | W1001: =IF(OR($U1001="",$V1001="",$U1001<=0),"",$U1001-$V1001) | X1001: =IF(OR($U1001="",$V1001="",$U1001<=0),"",($U1001-$V1001)/$U1001)

Sheet Workflow (Tracker)
B2: WORKFLOW E1–E8 — TRACKER DE ENTREGAS
B3: Governança total: os status E1–E8 são DERIVADOS dos critérios de aceite das 8 abas de etapa · Gates obrigatórios: E3 (escopo) e E5 (validação)
B5: COMO FUNCIONA
B6: • NÃO preencha nada nesta aba: cada etapa fica Concluído quando TODOS os critérios da aba correspondente estiverem ✔ (ou N/A); Bloqueado se houver ⛔; Em andamento se houver progresso parcial.
B7: • GATES: a E4 só inicia com a E3 = Concluído (escopo e critérios de aceite validados); a E6 só inicia com a E5 = Concluído (achados documentados e aprovados).
B8: • Trabalhe SEMPRE nas abas E1 a E8: marque os critérios, anexe a evidência/referência e a observação. O funil e a Etapa Atual atualizam sozinhos.
B10: FUNIL DO WORKFLOW — ONDE CADA ATIVIDADE ESTÁ (automático)
B11: E1 — Solicitação | D11: =COUNTIF($M$26:$M$525,B11) -> 0
B12: E2 — Triagem | D12: =COUNTIF($M$26:$M$525,B12) -> 0
B13: E3 — Levantamento ⚠ | D13: =COUNTIF($M$26:$M$525,B13) -> 0
B14: E4 — Execução | D14: =COUNTIF($M$26:$M$525,B14) -> 0
B15: E5 — Validação ⚠ | D15: =COUNTIF($M$26:$M$525,B15) -> 0
B16: E6 — Ajustes | D16: =COUNTIF($M$26:$M$525,B16) -> 0
B17: E7 — Entrega | D17: =COUNTIF($M$26:$M$525,B17) -> 0
B18: E08 — Estabilização / Hypercare | D18: =COUNTIF($M$26:$M$525,B18) -> 0
B19: ✔ Fluxo concluído | D19: =COUNTIF($M$26:$M$525,B19) -> 0
B20: Bloqueios em alguma etapa | D20: =COUNTIF($E$26:$L$525,"Bloqueado") -> 0
B21: Gate E3 pendente (escopo não fechado) | D21: =COUNTIFS($B$26:$B$525,"?*",$G$26:$G$525,"<>Concluído") -> 0
B22: Gate E5 pendente (validação não aprovada) | D22: =COUNTIFS($B$26:$B$525,"?*",$I$26:$I$525,"<>Concluído") -> 0
B24: TRACKER — UMA LINHA POR ATIVIDADE (100% automático — trabalhe nas abas E1 a E8)
B25: ID (auto) | C25: Atividade (auto) | D25: Pilar (auto) | E25: E1 Solicitação | F25: E2 Triagem | G25: E3 Levantamento ⚠ | H25: E4 Execução | I25: E5 Validação ⚠ | J25: E6 Ajustes | K25: E7 Entrega | L25: E8 Estabilização | M25: Etapa Atual (auto) | N25: % do Fluxo | O25: Observação do Fluxo
B26: =IF(Lançamentos!$B3="","",Lançamentos!$B3) | C26: =IF($B26="","",Lançamentos!$J3) | D26: =IF($B26="","",Lançamentos!$H3) | E26: =IF($B26="","",IF(COUNTIF(Lançamentos!$B$3:$B$1001,$B26)=0,"Bloqueado",IF(COUNTIF('E1 — Solicitação'!$E8:$L8,"⛔ Bloqueado")>0,"Bloqueado",IF(COUNTIF('E1 — Solicitação'!$E8:$L8,"N/A")=8,"Bloqueado",IF(COUNTIF('E1 — Solicitação'!$E8:$L8,"✔ Concluído")+COUNTIF('E1 — Solicitação'!$E8:$L8,"N/A")=8,"Concluído",IF(COUNTIF('E1 — Solicitação'!$E8:$L8,"✔ Concluído")+COUNTIF('E1 — Solicitação'!$E8:$L8,"🔄 Em andamento")>0,"Em andamento","Não iniciado")))))) | F26: =IF($B26="","",IF($E26<>"Concluído","Não iniciado",IF(COUNTIF(Lançamentos!$B$3:$B$1001,$B26)=0,"Bloqueado",IF('E2 — Triagem'!$D8="","Bloqueado",IF(COUNTIF('E2 — Triagem'!$E8:$L8,"N/A")=8,"Bloqueado",IF(COUNTIF('E2 — Triagem'!$E8:$L8,"⛔ Bloqueado")>0,"Bloqueado",IF(COUNTIF('E2 — Triagem'!$E8:$L8,"✔ Concluído")+COUNTIF('E2 — Triagem'!$E8:$L8,"N/A")=8,"Concluído",IF(COUNTIF('E2 — Triagem'!$E8:$L8,"✔ Concluído")+COUNTIF('E2 — Triagem'!$E8:$L8,"🔄 Em andamento")>0,"Em andamento","Não iniciado")))))))) | G26: =IF($B26="","",IF($F26<>"Concluído","Não iniciado",IF(COUNTIF(Lançamentos!$B$3:$B$1001,$B26)=0,"Bloqueado",IF('E3 — Levantamento'!$D8="","Bloqueado",IF(COUNTIF('E3 — Levantamento'!$E8:$I8,"⛔ Bloqueado")>0,"Bloqueado",IF('E3 — Levantamento'!$I8="N/A","Bloqueado",IF(COUNTIF('E3 — Levantamento'!$E8:$I8,"✔ Concluído")=5,"Concluído",IF(COUNTIF('E3 — Levantamento'!$E8:$I8,"✔ Concluído")+COUNTIF('E3 — Levantamento'!$E8:$I8,"🔄 Em andamento")>0,"Em andamento","Não iniciado")))))))) | H26: =IF($B26="","",IF($G26<>"Concluído","Não iniciado",IF(COUNTIF(Lançamentos!$B$3:$B$1001,$B26)=0,"Bloqueado",IF('E4 — Execução'!$D8="","Bloqueado",IF(COUNTIF('E4 — Execução'!$E8:$K8,"⛔ Bloqueado")>0,"Bloqueado",IF(COUNTIF('E4 — Execução'!$E8:$K8,"✔ Concluído")=7,"Concluído",IF(COUNTIF('E4 — Execução'!$E8:$K8,"✔ Concluído")+COUNTIF('E4 — Execução'!$E8:$K8,"🔄 Em andamento")>0,"Em andamento","Não iniciado"))))))) | I26: =IF($B26="","",IF($H26<>"Concluído","Não iniciado",IF(COUNTIF(Lançamentos!$B$3:$B$1001,$B26)=0,"Bloqueado",IF('E5 — Validação'!$D8="","Bloqueado",IF(COUNTIF('E5 — Validação'!$E8:$I8,"⛔ Bloqueado")>0,"Bloqueado",IF('E5 — Validação'!$I8="N/A","Bloqueado",IF(AND('E5 — Validação'!$E8="✔ Concluído",'E5 — Validação'!$F8="✔ Concluído",OR('E5 — Validação'!$G8="✔ Concluído",'E5 — Validação'!$G8="N/A"),'E5 — Validação'!$H8="✔ Concluído",'E5 — Validação'!$I8="✔ Concluído"),"Concluído",IF(COUNTIF('E5 — Validação'!$E8:$I8,"✔ Concluído")+COUNTIF('E5 — Validação'!$E8:$I8,"🔄 Em andamento")>0,"Em andamento","Não iniciado")))))))) | J26: =IF($B26="","",IF($I26<>"Concluído","Não iniciado",IF('E6 — Ajustes'!$N8="Não","N/A",IF(COUNTIF(Lançamentos!$B$3:$B$1001,$B26)=0,"Bloqueado",IF('E6 — Ajustes'!$D8="","Bloqueado",IF(COUNTIF('E6 — Ajustes'!$E8:$J8,"⛔ Bloqueado")>0,"Bloqueado",IF(AND('E6 — Ajustes'!$E8="✔ Concluído",'E6 — Ajustes'!$F8="✔ Concluído",'E6 — Ajustes'!$G8="✔ Concluído",'E6 — Ajustes'!$H8="✔ Concluído",OR('E6 — Ajustes'!$I8="✔ Concluído",'E6 — Ajustes'!$I8="N/A"),'E6 — Ajustes'!$J8="✔ Concluído"),"Concluído",IF(COUNTIF('E6 — Ajustes'!$E8:$J8,"✔ Concluído")+COUNTIF('E6 — Ajustes'!$E8:$J8,"🔄 Em andamento")>0,"Em andamento","Não iniciado")))))))) | K26: =IF($B26="","",IF($I26<>"Concluído","Não iniciado",IF(AND($J26<>"Concluído",$J26<>"N/A"),"Não iniciado",IF(COUNTIF(Lançamentos!$B$3:$B$1001,$B26)=0,"Bloqueado",IF('E7 — Entrega'!$D8="","Bloqueado",IF(COUNTIF('E7 — Entrega'!$E8:$H8,"⛔ Bloqueado")>0,"Bloqueado",IF(COUNTIF('E7 — Entrega'!$E8:$H8,"✔ Concluído")=4,"Concluído",IF(COUNTIF('E7 — Entrega'!$E8:$H8,"✔ Concluído")+COUNTIF('E7 — Entrega'!$E8:$H8,"🔄 Em andamento")>0,"Em andamento","Não iniciado")))))))) | L26: =IF($B26="","",IF($K26<>"Concluído","Não iniciado",IF(OR(COUNTIF('E08 — Estabilização Hypercare'!$E8:$J8,"⛔ Bloqueado")>0,'E08 — Estabilização Hypercare'!$N8="⛔ Incidente Crítico — Encerramento Bloqueado",AND('E08 — Estabilização Hypercare'!$N8="🆕 Evolução Identificada — Nova Demanda Aberta",'E08 — Estabilização Hypercare'!$U8="")),"Bloqueado",IF(AND('E08 — Estabilização Hypercare'!$E8="✔ Concluído",'E08 — Estabilização Hypercare'!$F8="✔ Concluído",'E08 — Estabilização Hypercare'!$G8="✔ Concluído",OR('E08 — Estabilização Hypercare'!$H8="✔ Concluído",'E08 — Estabilização Hypercare'!$H8="N/A"),'E08 — Estabilização Hypercare'!$I8="✔ Concluído",'E08 — Estabilização Hypercare'!$J8="✔ Concluído",OR('E08 — Estabilização Hypercare'!$N8="✅ Estável — Demanda Encerrada",AND('E08 — Estabilização Hypercare'!$N8="🆕 Evolução Identificada — Nova Demanda Aberta",'E08 — Estabilização Hypercare'!$U8<>""))),"Concluído",IF(OR(COUNTIF('E08 — Estabilização Hypercare'!$E8:$J8,"✔ Concluído")>0,COUNTIF('E08 — Estabilização Hypercare'!$E8:$J8,"🔄 Em andamento")>0,'E08 — Estabilização Hypercare'!$N8<>""),"Em andamento","Não iniciado"))))) | M26: {=IF(B26="","",_xlfn.IFS(E26<>"Concluído","E1 — Solicitação",F26<>"Concluído","E2 — Triagem",G26<>"Concluído","E3 — Levantamento ⚠",H26<>"Concluído","E4 — Execução",I26<>"Concluído","E5 — Validação ⚠",AND(J26<>"Concluído",J26<>"N/A"),"E6 — Ajustes",K26<>"Concluído","E7 — Entrega",L26<>"Concluído","E08 — Estabilização / Hypercare",TRUE,"✔ Fluxo concluído"))} | N26: =IF(B26="","",(COUNTIF(E26:L26,"Concluído")+COUNTIF(E26:L26,"N/A"))/8)
B27: =IF(Lançamentos!$B4="","",Lançamentos!$B4) | C27: =IF($B27="","",Lançamentos!$J4) | D27: =IF($B27="","",Lançamentos!$H4) | E27: =IF($B27="","",IF(COUNTIF(Lançamentos!$B$3:$B$1001,$B27)=0,"Bloqueado",IF(COUNTIF('E1 — Solicitação'!$E9:$L9,"⛔ Bloqueado")>0,"Bloqueado",IF(COUNTIF('E1 — Solicitação'!$E9:$L9,"N/A")=8,"Bloqueado",IF(COUNTIF('E1 — Solicitação'!$E9:$L9,"✔ Concluído")+COUNTIF('E1 — Solicitação'!$E9:$L9,"N/A")=8,"Concluído",IF(COUNTIF('E1 — Solicitação'!$E9:$L9,"✔ Concluído")+COUNTIF('E1 — Solicitação'!$E9:$L9,"🔄 Em andamento")>0,"Em andamento","Não iniciado")))))) | F27: =IF($B27="","",IF($E27<>"Concluído","Não iniciado",IF(COUNTIF(Lançamentos!$B$3:$B$1001,$B27)=0,"Bloqueado",IF('E2 — Triagem'!$D9="","Bloqueado",IF(COUNTIF('E2 — Triagem'!$E9:$L9,"N/A")=8,"Bloqueado",IF(COUNTIF('E2 — Triagem'!$E9:$L9,"⛔ Bloqueado")>0,"Bloqueado",IF(COUNTIF('E2 — Triagem'!$E9:$L9,"✔ Concluído")+COUNTIF('E2 — Triagem'!$E9:$L9,"N/A")=8,"Concluído",IF(COUNTIF('E2 — Triagem'!$E9:$L9,"✔ Concluído")+COUNTIF('E2 — Triagem'!$E9:$L9,"🔄 Em andamento")>0,"Em andamento","Não iniciado")))))))) | G27: =IF($B27="","",IF($F27<>"Concluído","Não iniciado",IF(COUNTIF(Lançamentos!$B$3:$B$1001,$B27)=0,"Bloqueado",IF('E3 — Levantamento'!$D9="","Bloqueado",IF(COUNTIF('E3 — Levantamento'!$E9:$I9,"⛔ Bloqueado")>0,"Bloqueado",IF('E3 — Levantamento'!$I9="N/A","Bloqueado",IF(COUNTIF('E3 — Levantamento'!$E9:$I9,"✔ Concluído")=5,"Concluído",IF(COUNTIF('E3 — Levantamento'!$E9:$I9,"✔ Concluído")+COUNTIF('E3 — Levantamento'!$E9:$I9,"🔄 Em andamento")>0,"Em andamento","Não iniciado")))))))) | H27: =IF($B27="","",IF($G27<>"Concluído","Não iniciado",IF(COUNTIF(Lançamentos!$B$3:$B$1001,$B27)=0,"Bloqueado",IF('E4 — Execução'!$D9="","Bloqueado",IF(COUNTIF('E4 — Execução'!$E9:$K9,"⛔ Bloqueado")>0,"Bloqueado",IF(COUNTIF('E4 — Execução'!$E9:$K9,"✔ Concluído")=7,"Concluído",IF(COUNTIF('E4 — Execução'!$E9:$K9,"✔ Concluído")+COUNTIF('E4 — Execução'!$E9:$K9,"🔄 Em andamento")>0,"Em andamento","Não iniciado"))))))) | I27: =IF($B27="","",IF($H27<>"Concluído","Não iniciado",IF(COUNTIF(Lançamentos!$B$3:$B$1001,$B27)=0,"Bloqueado",IF('E5 — Validação'!$D9="","Bloqueado",IF(COUNTIF('E5 — Validação'!$E9:$I9,"⛔ Bloqueado")>0,"Bloqueado",IF('E5 — Validação'!$I9="N/A","Bloqueado",IF(AND('E5 — Validação'!$E9="✔ Concluído",'E5 — Validação'!$F9="✔ Concluído",OR('E5 — Validação'!$G9="✔ Concluído",'E5 — Validação'!$G9="N/A"),'E5 — Validação'!$H9="✔ Concluído",'E5 — Validação'!$I9="✔ Concluído"),"Concluído",IF(COUNTIF('E5 — Validação'!$E9:$I9,"✔ Concluído")+COUNTIF('E5 — Validação'!$E9:$I9,"🔄 Em andamento")>0,"Em andamento","Não iniciado")))))))) | J27: =IF($B27="","",IF($I27<>"Concluído","Não iniciado",IF('E6 — Ajustes'!$N9="Não","N/A",IF(COUNTIF(Lançamentos!$B$3:$B$1001,$B27)=0,"Bloqueado",IF('E6 — Ajustes'!$D9="","Bloqueado",IF(COUNTIF('E6 — Ajustes'!$E9:$J9,"⛔ Bloqueado")>0,"Bloqueado",IF(AND('E6 — Ajustes'!$E9="✔ Concluído",'E6 — Ajustes'!$F9="✔ Concluído",'E6 — Ajustes'!$G9="✔ Concluído",'E6 — Ajustes'!$H9="✔ Concluído",OR('E6 — Ajustes'!$I9="✔ Concluído",'E6 — Ajustes'!$I9="N/A"),'E6 — Ajustes'!$J9="✔ Concluído"),"Concluído",IF(COUNTIF('E6 — Ajustes'!$E9:$J9,"✔ Concluído")+COUNTIF('E6 — Ajustes'!$E9:$J9,"🔄 Em andamento")>0,"Em andamento","Não iniciado")))))))) | K27: =IF($B27="","",IF($I27<>"Concluído","Não iniciado",IF(AND($J27<>"Concluído",$J27<>"N/A"),"Não iniciado",IF(COUNTIF(Lançamentos!$B$3:$B$1001,$B27)=0,"Bloqueado",IF('E7 — Entrega'!$D9="","Bloqueado",IF(COUNTIF('E7 — Entrega'!$E9:$H9,"⛔ Bloqueado")>0,"Bloqueado",IF(COUNTIF('E7 — Entrega'!$E9:$H9,"✔ Concluído")=4,"Concluído",IF(COUNTIF('E7 — Entrega'!$E9:$H9,"✔ Concluído")+COUNTIF('E7 — Entrega'!$E9:$H9,"🔄 Em andamento")>0,"Em andamento","Não iniciado")))))))) | L27: =IF($B27="","",IF($K27<>"Concluído","Não iniciado",IF(OR(COUNTIF('E08 — Estabilização Hypercare'!$E9:$J9,"⛔ Bloqueado")>0,'E08 — Estabilização Hypercare'!$N9="⛔ Incidente Crítico — Encerramento Bloqueado",AND('E08 — Estabilização Hypercare'!$N9="🆕 Evolução Identificada — Nova Demanda Aberta",'E08 — Estabilização Hypercare'!$U9="")),"Bloqueado",IF(AND('E08 — Estabilização Hypercare'!$E9="✔ Concluído",'E08 — Estabilização Hypercare'!$F9="✔ Concluído",'E08 — Estabilização Hypercare'!$G9="✔ Concluído",OR('E08 — Estabilização Hypercare'!$H9="✔ Concluído",'E08 — Estabilização Hypercare'!$H9="N/A"),'E08 — Estabilização Hypercare'!$I9="✔ Concluído",'E08 — Estabilização Hypercare'!$J9="✔ Concluído",OR('E08 — Estabilização Hypercare'!$N9="✅ Estável — Demanda Encerrada",AND('E08 — Estabilização Hypercare'!$N9="🆕 Evolução Identificada — Nova Demanda Aberta",'E08 — Estabilização Hypercare'!$U9<>""))),"Concluído",IF(OR(COUNTIF('E08 — Estabilização Hypercare'!$E9:$J9,"✔ Concluído")>0,COUNTIF('E08 — Estabilização Hypercare'!$E9:$J9,"🔄 Em andamento")>0,'E08 — Estabilização Hypercare'!$N9<>""),"Em andamento","Não iniciado"))))) | M27: {=IF(B27="","",_xlfn.IFS(E27<>"Concluído","E1 — Solicitação",F27<>"Concluído","E2 — Triagem",G27<>"Concluído","E3 — Levantamento ⚠",H27<>"Concluído","E4 — Execução",I27<>"Concluído","E5 — Validação ⚠",AND(J27<>"Concluído",J27<>"N/A"),"E6 — Ajustes",K27<>"Concluído","E7 — Entrega",L27<>"Concluído","E08 — Estabilização / Hypercare",TRUE,"✔ Fluxo concluído"))} | N27: =IF(B27="","",(COUNTIF(E27:L27,"Concluído")+COUNTIF(E27:L27,"N/A"))/8)
B28: =IF(Lançamentos!$B5="","",Lançamentos!$B5) | C28: =IF($B28="","",Lançamentos!$J5) | D28: =IF($B28="","",Lançamentos!$H5) | E28: =IF($B28="","",IF(COUNTIF(Lançamentos!$B$3:$B$1001,$B28)=0,"Bloqueado",IF(COUNTIF('E1 — Solicitação'!$E10:$L10,"⛔ Bloqueado")>0,"Bloqueado",IF(COUNTIF('E1 — Solicitação'!$E10:$L10,"N/A")=8,"Bloqueado",IF(COUNTIF('E1 — Solicitação'!$E10:$L10,"✔ Concluído")+COUNTIF('E1 — Solicitação'!$E10:$L10,"N/A")=8,"Concluído",IF(COUNTIF('E1 — Solicitação'!$E10:$L10,"✔ Concluído")+COUNTIF('E1 — Solicitação'!$E10:$L10,"🔄 Em andamento")>0,"Em andamento","Não iniciado")))))) | F28: =IF($B28="","",IF($E28<>"Concluído","Não iniciado",IF(COUNTIF(Lançamentos!$B$3:$B$1001,$B28)=0,"Bloqueado",IF('E2 — Triagem'!$D10="","Bloqueado",IF(COUNTIF('E2 — Triagem'!$E10:$L10,"N/A")=8,"Bloqueado",IF(COUNTIF('E2 — Triagem'!$E10:$L10,"⛔ Bloqueado")>0,"Bloqueado",IF(COUNTIF('E2 — Triagem'!$E10:$L10,"✔ Concluído")+COUNTIF('E2 — Triagem'!$E10:$L10,"N/A")=8,"Concluído",IF(COUNTIF('E2 — Triagem'!$E10:$L10,"✔ Concluído")+COUNTIF('E2 — Triagem'!$E10:$L10,"🔄 Em andamento")>0,"Em andamento","Não iniciado")))))))) | G28: =IF($B28="","",IF($F28<>"Concluído","Não iniciado",IF(COUNTIF(Lançamentos!$B$3:$B$1001,$B28)=0,"Bloqueado",IF('E3 — Levantamento'!$D10="","Bloqueado",IF(COUNTIF('E3 — Levantamento'!$E10:$I10,"⛔ Bloqueado")>0,"Bloqueado",IF('E3 — Levantamento'!$I10="N/A","Bloqueado",IF(COUNTIF('E3 — Levantamento'!$E10:$I10,"✔ Concluído")=5,"Concluído",IF(COUNTIF('E3 — Levantamento'!$E10:$I10,"✔ Concluído")+COUNTIF('E3 — Levantamento'!$E10:$I10,"🔄 Em andamento")>0,"Em andamento","Não iniciado")))))))) | H28: =IF($B28="","",IF($G28<>"Concluído","Não iniciado",IF(COUNTIF(Lançamentos!$B$3:$B$1001,$B28)=0,"Bloqueado",IF('E4 — Execução'!$D10="","Bloqueado",IF(COUNTIF('E4 — Execução'!$E10:$K10,"⛔ Bloqueado")>0,"Bloqueado",IF(COUNTIF('E4 — Execução'!$E10:$K10,"✔ Concluído")=7,"Concluído",IF(COUNTIF('E4 — Execução'!$E10:$K10,"✔ Concluído")+COUNTIF('E4 — Execução'!$E10:$K10,"🔄 Em andamento")>0,"Em andamento","Não iniciado"))))))) | I28: =IF($B28="","",IF($H28<>"Concluído","Não iniciado",IF(COUNTIF(Lançamentos!$B$3:$B$1001,$B28)=0,"Bloqueado",IF('E5 — Validação'!$D10="","Bloqueado",IF(COUNTIF('E5 — Validação'!$E10:$I10,"⛔ Bloqueado")>0,"Bloqueado",IF('E5 — Validação'!$I10="N/A","Bloqueado",IF(AND('E5 — Validação'!$E10="✔ Concluído",'E5 — Validação'!$F10="✔ Concluído",OR('E5 — Validação'!$G10="✔ Concluído",'E5 — Validação'!$G10="N/A"),'E5 — Validação'!$H10="✔ Concluído",'E5 — Validação'!$I10="✔ Concluído"),"Concluído",IF(COUNTIF('E5 — Validação'!$E10:$I10,"✔ Concluído")+COUNTIF('E5 — Validação'!$E10:$I10,"🔄 Em andamento")>0,"Em andamento","Não iniciado")))))))) | J28: =IF($B28="","",IF($I28<>"Concluído","Não iniciado",IF('E6 — Ajustes'!$N10="Não","N/A",IF(COUNTIF(Lançamentos!$B$3:$B$1001,$B28)=0,"Bloqueado",IF('E6 — Ajustes'!$D10="","Bloqueado",IF(COUNTIF('E6 — Ajustes'!$E10:$J10,"⛔ Bloqueado")>0,"Bloqueado",IF(AND('E6 — Ajustes'!$E10="✔ Concluído",'E6 — Ajustes'!$F10="✔ Concluído",'E6 — Ajustes'!$G10="✔ Concluído",'E6 — Ajustes'!$H10="✔ Concluído",OR('E6 — Ajustes'!$I10="✔ Concluído",'E6 — Ajustes'!$I10="N/A"),'E6 — Ajustes'!$J10="✔ Concluído"),"Concluído",IF(COUNTIF('E6 — Ajustes'!$E10:$J10,"✔ Concluído")+COUNTIF('E6 — Ajustes'!$E10:$J10,"🔄 Em andamento")>0,"Em andamento","Não iniciado")))))))) | K28: =IF($B28="","",IF($I28<>"Concluído","Não iniciado",IF(AND($J28<>"Concluído",$J28<>"N/A"),"Não iniciado",IF(COUNTIF(Lançamentos!$B$3:$B$1001,$B28)=0,"Bloqueado",IF('E7 — Entrega'!$D10="","Bloqueado",IF(COUNTIF('E7 — Entrega'!$E10:$H10,"⛔ Bloqueado")>0,"Bloqueado",IF(COUNTIF('E7 — Entrega'!$E10:$H10,"✔ Concluído")=4,"Concluído",IF(COUNTIF('E7 — Entrega'!$E10:$H10,"✔ Concluído")+COUNTIF('E7 — Entrega'!$E10:$H10,"🔄 Em andamento")>0,"Em andamento","Não iniciado")))))))) | L28: =IF($B28="","",IF($K28<>"Concluído","Não iniciado",IF(OR(COUNTIF('E08 — Estabilização Hypercare'!$E10:$J10,"⛔ Bloqueado")>0,'E08 — Estabilização Hypercare'!$N10="⛔ Incidente Crítico — Encerramento Bloqueado",AND('E08 — Estabilização Hypercare'!$N10="🆕 Evolução Identificada — Nova Demanda Aberta",'E08 — Estabilização Hypercare'!$U10="")),"Bloqueado",IF(AND('E08 — Estabilização Hypercare'!$E10="✔ Concluído",'E08 — Estabilização Hypercare'!$F10="✔ Concluído",'E08 — Estabilização Hypercare'!$G10="✔ Concluído",OR('E08 — Estabilização Hypercare'!$H10="✔ Concluído",'E08 — Estabilização Hypercare'!$H10="N/A"),'E08 — Estabilização Hypercare'!$I10="✔ Concluído",'E08 — Estabilização Hypercare'!$J10="✔ Concluído",OR('E08 — Estabilização Hypercare'!$N10="✅ Estável — Demanda Encerrada",AND('E08 — Estabilização Hypercare'!$N10="🆕 Evolução Identificada — Nova Demanda Aberta",'E08 — Estabilização Hypercare'!$U10<>""))),"Concluído",IF(OR(COUNTIF('E08 — Estabilização Hypercare'!$E10:$J10,"✔ Concluído")>0,COUNTIF('E08 — Estabilização Hypercare'!$E10:$J10,"🔄 Em andamento")>0,'E08 — Estabilização Hypercare'!$N10<>""),"Em andamento","Não iniciado"))))) | M28: {=IF(B28="","",_xlfn.IFS(E28<>"Concluído","E1 — Solicitação",F28<>"Concluído","E2 — Triagem",G28<>"Concluído","E3 — Levantamento ⚠",H28<>"Concluído","E4 — Execução",I28<>"Concluído","E5 — Validação ⚠",AND(J28<>"Concluído",J28<>"N/A"),"E6 — Ajustes",K28<>"Concluído","E7 — Entrega",L28<>"Concluído","E08 — Estabilização / Hypercare",TRUE,"✔ Fluxo concluído"))} | N28: =IF(B28="","",(COUNTIF(E28:L28,"Concluído")+COUNTIF(E28:L28,"N/A"))/8)
B29: =IF(Lançamentos!$B6="","",Lançamentos!$B6) | C29: =IF($B29="","",Lançamentos!$J6) | D29: =IF($B29="","",Lançamentos!$H6) | E29: =IF($B29="","",IF(COUNTIF(Lançamentos!$B$3:$B$1001,$B29)=0,"Bloqueado",IF(COUNTIF('E1 — Solicitação'!$E11:$L11,"⛔ Bloqueado")>0,"Bloqueado",IF(COUNTIF('E1 — Solicitação'!$E11:$L11,"N/A")=8,"Bloqueado",IF(COUNTIF('E1 — Solicitação'!$E11:$L11,"✔ Concluído")+COUNTIF('E1 — Solicitação'!$E11:$L11,"N/A")=8,"Concluído",IF(COUNTIF('E1 — Solicitação'!$E11:$L11,"✔ Concluído")+COUNTIF('E1 — Solicitação'!$E11:$L11,"🔄 Em andamento")>0,"Em andamento","Não iniciado")))))) | F29: =IF($B29="","",IF($E29<>"Concluído","Não iniciado",IF(COUNTIF(Lançamentos!$B$3:$B$1001,$B29)=0,"Bloqueado",IF('E2 — Triagem'!$D11="","Bloqueado",IF(COUNTIF('E2 — Triagem'!$E11:$L11,"N/A")=8,"Bloqueado",IF(COUNTIF('E2 — Triagem'!$E11:$L11,"⛔ Bloqueado")>0,"Bloqueado",IF(COUNTIF('E2 — Triagem'!$E11:$L11,"✔ Concluído")+COUNTIF('E2 — Triagem'!$E11:$L11,"N/A")=8,"Concluído",IF(COUNTIF('E2 — Triagem'!$E11:$L11,"✔ Concluído")+COUNTIF('E2 — Triagem'!$E11:$L11,"🔄 Em andamento")>0,"Em andamento","Não iniciado")))))))) | G29: =IF($B29="","",IF($F29<>"Concluído","Não iniciado",IF(COUNTIF(Lançamentos!$B$3:$B$1001,$B29)=0,"Bloqueado",IF('E3 — Levantamento'!$D11="","Bloqueado",IF(COUNTIF('E3 — Levantamento'!$E11:$I11,"⛔ Bloqueado")>0,"Bloqueado",IF('E3 — Levantamento'!$I11="N/A","Bloqueado",IF(COUNTIF('E3 — Levantamento'!$E11:$I11,"✔ Concluído")=5,"Concluído",IF(COUNTIF('E3 — Levantamento'!$E11:$I11,"✔ Concluído")+COUNTIF('E3 — Levantamento'!$E11:$I11,"🔄 Em andamento")>0,"Em andamento","Não iniciado")))))))) | H29: =IF($B29="","",IF($G29<>"Concluído","Não iniciado",IF(COUNTIF(Lançamentos!$B$3:$B$1001,$B29)=0,"Bloqueado",IF('E4 — Execução'!$D11="","Bloqueado",IF(COUNTIF('E4 — Execução'!$E11:$K11,"⛔ Bloqueado")>0,"Bloqueado",IF(COUNTIF('E4 — Execução'!$E11:$K11,"✔ Concluído")=7,"Concluído",IF(COUNTIF('E4 — Execução'!$E11:$K11,"✔ Concluído")+COUNTIF('E4 — Execução'!$E11:$K11,"🔄 Em andamento")>0,"Em andamento","Não iniciado"))))))) | I29: =IF($B29="","",IF($H29<>"Concluído","Não iniciado",IF(COUNTIF(Lançamentos!$B$3:$B$1001,$B29)=0,"Bloqueado",IF('E5 — Validação'!$D11="","Bloqueado",IF(COUNTIF('E5 — Validação'!$E11:$I11,"⛔ Bloqueado")>0,"Bloqueado",IF('E5 — Validação'!$I11="N/A","Bloqueado",IF(AND('E5 — Validação'!$E11="✔ Concluído",'E5 — Validação'!$F11="✔ Concluído",OR('E5 — Validação'!$G11="✔ Concluído",'E5 — Validação'!$G11="N/A"),'E5 — Validação'!$H11="✔ Concluído",'E5 — Validação'!$I11="✔ Concluído"),"Concluído",IF(COUNTIF('E5 — Validação'!$E11:$I11,"✔ Concluído")+COUNTIF('E5 — Validação'!$E11:$I11,"🔄 Em andamento")>0,"Em andamento","Não iniciado")))))))) | J29: =IF($B29="","",IF($I29<>"Concluído","Não iniciado",IF('E6 — Ajustes'!$N11="Não","N/A",IF(COUNTIF(Lançamentos!$B$3:$B$1001,$B29)=0,"Bloqueado",IF('E6 — Ajustes'!$D11="","Bloqueado",IF(COUNTIF('E6 — Ajustes'!$E11:$J11,"⛔ Bloqueado")>0,"Bloqueado",IF(AND('E6 — Ajustes'!$E11="✔ Concluído",'E6 — Ajustes'!$F11="✔ Concluído",'E6 — Ajustes'!$G11="✔ Concluído",'E6 — Ajustes'!$H11="✔ Concluído",OR('E6 — Ajustes'!$I11="✔ Concluído",'E6 — Ajustes'!$I11="N/A"),'E6 — Ajustes'!$J11="✔ Concluído"),"Concluído",IF(COUNTIF('E6 — Ajustes'!$E11:$J11,"✔ Concluído")+COUNTIF('E6 — Ajustes'!$E11:$J11,"🔄 Em andamento")>0,"Em andamento","Não iniciado")))))))) | K29: =IF($B29="","",IF($I29<>"Concluído","Não iniciado",IF(AND($J29<>"Concluído",$J29<>"N/A"),"Não iniciado",IF(COUNTIF(Lançamentos!$B$3:$B$1001,$B29)=0,"Bloqueado",IF('E7 — Entrega'!$D11="","Bloqueado",IF(COUNTIF('E7 — Entrega'!$E11:$H11,"⛔ Bloqueado")>0,"Bloqueado",IF(COUNTIF('E7 — Entrega'!$E11:$H11,"✔ Concluído")=4,"Concluído",IF(COUNTIF('E7 — Entrega'!$E11:$H11,"✔ Concluído")+COUNTIF('E7 — Entrega'!$E11:$H11,"🔄 Em andamento")>0,"Em andamento","Não iniciado")))))))) | L29: =IF($B29="","",IF($K29<>"Concluído","Não iniciado",IF(OR(COUNTIF('E08 — Estabilização Hypercare'!$E11:$J11,"⛔ Bloqueado")>0,'E08 — Estabilização Hypercare'!$N11="⛔ Incidente Crítico — Encerramento Bloqueado",AND('E08 — Estabilização Hypercare'!$N11="🆕 Evolução Identificada — Nova Demanda Aberta",'E08 — Estabilização Hypercare'!$U11="")),"Bloqueado",IF(AND('E08 — Estabilização Hypercare'!$E11="✔ Concluído",'E08 — Estabilização Hypercare'!$F11="✔ Concluído",'E08 — Estabilização Hypercare'!$G11="✔ Concluído",OR('E08 — Estabilização Hypercare'!$H11="✔ Concluído",'E08 — Estabilização Hypercare'!$H11="N/A"),'E08 — Estabilização Hypercare'!$I11="✔ Concluído",'E08 — Estabilização Hypercare'!$J11="✔ Concluído",OR('E08 — Estabilização Hypercare'!$N11="✅ Estável — Demanda Encerrada",AND('E08 — Estabilização Hypercare'!$N11="🆕 Evolução Identificada — Nova Demanda Aberta",'E08 — Estabilização Hypercare'!$U11<>""))),"Concluído",IF(OR(COUNTIF('E08 — Estabilização Hypercare'!$E11:$J11,"✔ Concluído")>0,COUNTIF('E08 — Estabilização Hypercare'!$E11:$J11,"🔄 Em andamento")>0,'E08 — Estabilização Hypercare'!$N11<>""),"Em andamento","Não iniciado"))))) | M29: {=IF(B29="","",_xlfn.IFS(E29<>"Concluído","E1 — Solicitação",F29<>"Concluído","E2 — Triagem",G29<>"Concluído","E3 — Levantamento ⚠",H29<>"Concluído","E4 — Execução",I29<>"Concluído","E5 — Validação ⚠",AND(J29<>"Concluído",J29<>"N/A"),"E6 — Ajustes",K29<>"Concluído","E7 — Entrega",L29<>"Concluído","E08 — Estabilização / Hypercare",TRUE,"✔ Fluxo concluído"))} | N29: =IF(B29="","",(COUNTIF(E29:L29,"Concluído")+COUNTIF(E29:L29,"N/A"))/8)
B30: =IF(Lançamentos!$B7="","",Lançamentos!$B7) | C30: =IF($B30="","",Lançamentos!$J7) | D30: =IF($B30="","",Lançamentos!$H7) | E30: =IF($B30="","",IF(COUNTIF(Lançamentos!$B$3:$B$1001,$B30)=0,"Bloqueado",IF(COUNTIF('E1 — Solicitação'!$E12:$L12,"⛔ Bloqueado")>0,"Bloqueado",IF(COUNTIF('E1 — Solicitação'!$E12:$L12,"N/A")=8,"Bloqueado",IF(COUNTIF('E1 — Solicitação'!$E12:$L12,"✔ Concluído")+COUNTIF('E1 — Solicitação'!$E12:$L12,"N/A")=8,"Concluído",IF(COUNTIF('E1 — Solicitação'!$E12:$L12,"✔ Concluído")+COUNTIF('E1 — Solicitação'!$E12:$L12,"🔄 Em andamento")>0,"Em andamento","Não iniciado")))))) | F30: =IF($B30="","",IF($E30<>"Concluído","Não iniciado",IF(COUNTIF(Lançamentos!$B$3:$B$1001,$B30)=0,"Bloqueado",IF('E2 — Triagem'!$D12="","Bloqueado",IF(COUNTIF('E2 — Triagem'!$E12:$L12,"N/A")=8,"Bloqueado",IF(COUNTIF('E2 — Triagem'!$E12:$L12,"⛔ Bloqueado")>0,"Bloqueado",IF(COUNTIF('E2 — Triagem'!$E12:$L12,"✔ Concluído")+COUNTIF('E2 — Triagem'!$E12:$L12,"N/A")=8,"Concluído",IF(COUNTIF('E2 — Triagem'!$E12:$L12,"✔ Concluído")+COUNTIF('E2 — Triagem'!$E12:$L12,"🔄 Em andamento")>0,"Em andamento","Não iniciado")))))))) | G30: =IF($B30="","",IF($F30<>"Concluído","Não iniciado",IF(COUNTIF(Lançamentos!$B$3:$B$1001,$B30)=0,"Bloqueado",IF('E3 — Levantamento'!$D12="","Bloqueado",IF(COUNTIF('E3 — Levantamento'!$E12:$I12,"⛔ Bloqueado")>0,"Bloqueado",IF('E3 — Levantamento'!$I12="N/A","Bloqueado",IF(COUNTIF('E3 — Levantamento'!$E12:$I12,"✔ Concluído")=5,"Concluído",IF(COUNTIF('E3 — Levantamento'!$E12:$I12,"✔ Concluído")+COUNTIF('E3 — Levantamento'!$E12:$I12,"🔄 Em andamento")>0,"Em andamento","Não iniciado")))))))) | H30: =IF($B30="","",IF($G30<>"Concluído","Não iniciado",IF(COUNTIF(Lançamentos!$B$3:$B$1001,$B30)=0,"Bloqueado",IF('E4 — Execução'!$D12="","Bloqueado",IF(COUNTIF('E4 — Execução'!$E12:$K12,"⛔ Bloqueado")>0,"Bloqueado",IF(COUNTIF('E4 — Execução'!$E12:$K12,"✔ Concluído")=7,"Concluído",IF(COUNTIF('E4 — Execução'!$E12:$K12,"✔ Concluído")+COUNTIF('E4 — Execução'!$E12:$K12,"🔄 Em andamento")>0,"Em andamento","Não iniciado"))))))) | I30: =IF($B30="","",IF($H30<>"Concluído","Não iniciado",IF(COUNTIF(Lançamentos!$B$3:$B$1001,$B30)=0,"Bloqueado",IF('E5 — Validação'!$D12="","Bloqueado",IF(COUNTIF('E5 — Validação'!$E12:$I12,"⛔ Bloqueado")>0,"Bloqueado",IF('E5 — Validação'!$I12="N/A","Bloqueado",IF(AND('E5 — Validação'!$E12="✔ Concluído",'E5 — Validação'!$F12="✔ Concluído",OR('E5 — Validação'!$G12="✔ Concluído",'E5 — Validação'!$G12="N/A"),'E5 — Validação'!$H12="✔ Concluído",'E5 — Validação'!$I12="✔ Concluído"),"Concluído",IF(COUNTIF('E5 — Validação'!$E12:$I12,"✔ Concluído")+COUNTIF('E5 — Validação'!$E12:$I12,"🔄 Em andamento")>0,"Em andamento","Não iniciado")))))))) | J30: =IF($B30="","",IF($I30<>"Concluído","Não iniciado",IF('E6 — Ajustes'!$N12="Não","N/A",IF(COUNTIF(Lançamentos!$B$3:$B$1001,$B30)=0,"Bloqueado",IF('E6 — Ajustes'!$D12="","Bloqueado",IF(COUNTIF('E6 — Ajustes'!$E12:$J12,"⛔ Bloqueado")>0,"Bloqueado",IF(AND('E6 — Ajustes'!$E12="✔ Concluído",'E6 — Ajustes'!$F12="✔ Concluído",'E6 — Ajustes'!$G12="✔ Concluído",'E6 — Ajustes'!$H12="✔ Concluído",OR('E6 — Ajustes'!$I12="✔ Concluído",'E6 — Ajustes'!$I12="N/A"),'E6 — Ajustes'!$J12="✔ Concluído"),"Concluído",IF(COUNTIF('E6 — Ajustes'!$E12:$J12,"✔ Concluído")+COUNTIF('E6 — Ajustes'!$E12:$J12,"🔄 Em andamento")>0,"Em andamento","Não iniciado")))))))) | K30: =IF($B30="","",IF($I30<>"Concluído","Não iniciado",IF(AND($J30<>"Concluído",$J30<>"N/A"),"Não iniciado",IF(COUNTIF(Lançamentos!$B$3:$B$1001,$B30)=0,"Bloqueado",IF('E7 — Entrega'!$D12="","Bloqueado",IF(COUNTIF('E7 — Entrega'!$E12:$H12,"⛔ Bloqueado")>0,"Bloqueado",IF(COUNTIF('E7 — Entrega'!$E12:$H12,"✔ Concluído")=4,"Concluído",IF(COUNTIF('E7 — Entrega'!$E12:$H12,"✔ Concluído")+COUNTIF('E7 — Entrega'!$E12:$H12,"🔄 Em andamento")>0,"Em andamento","Não iniciado")))))))) | L30: =IF($B30="","",IF($K30<>"Concluído","Não iniciado",IF(OR(COUNTIF('E08 — Estabilização Hypercare'!$E12:$J12,"⛔ Bloqueado")>0,'E08 — Estabilização Hypercare'!$N12="⛔ Incidente Crítico — Encerramento Bloqueado",AND('E08 — Estabilização Hypercare'!$N12="🆕 Evolução Identificada — Nova Demanda Aberta",'E08 — Estabilização Hypercare'!$U12="")),"Bloqueado",IF(AND('E08 — Estabilização Hypercare'!$E12="✔ Concluído",'E08 — Estabilização Hypercare'!$F12="✔ Concluído",'E08 — Estabilização Hypercare'!$G12="✔ Concluído",OR('E08 — Estabilização Hypercare'!$H12="✔ Concluído",'E08 — Estabilização Hypercare'!$H12="N/A"),'E08 — Estabilização Hypercare'!$I12="✔ Concluído",'E08 — Estabilização Hypercare'!$J12="✔ Concluído",OR('E08 — Estabilização Hypercare'!$N12="✅ Estável — Demanda Encerrada",AND('E08 — Estabilização Hypercare'!$N12="🆕 Evolução Identificada — Nova Demanda Aberta",'E08 — Estabilização Hypercare'!$U12<>""))),"Concluído",IF(OR(COUNTIF('E08 — Estabilização Hypercare'!$E12:$J12,"✔ Concluído")>0,COUNTIF('E08 — Estabilização Hypercare'!$E12:$J12,"🔄 Em andamento")>0,'E08 — Estabilização Hypercare'!$N12<>""),"Em andamento","Não iniciado"))))) | M30: {=IF(B30="","",_xlfn.IFS(E30<>"Concluído","E1 — Solicitação",F30<>"Concluído","E2 — Triagem",G30<>"Concluído","E3 — Levantamento ⚠",H30<>"Concluído","E4 — Execução",I30<>"Concluído","E5 — Validação ⚠",AND(J30<>"Concluído",J30<>"N/A"),"E6 — Ajustes",K30<>"Concluído","E7 — Entrega",L30<>"Concluído","E08 — Estabilização / Hypercare",TRUE,"✔ Fluxo concluído"))} | N30: =IF(B30="","",(COUNTIF(E30:L30,"Concluído")+COUNTIF(E30:L30,"N/A"))/8)
B31: =IF(Lançamentos!$B8="","",Lançamentos!$B8) | C31: =IF($B31="","",Lançamentos!$J8) | D31: =IF($B31="","",Lançamentos!$H8) | E31: =IF($B31="","",IF(COUNTIF(Lançamentos!$B$3:$B$1001,$B31)=0,"Bloqueado",IF(COUNTIF('E1 — Solicitação'!$E13:$L13,"⛔ Bloqueado")>0,"Bloqueado",IF(COUNTIF('E1 — Solicitação'!$E13:$L13,"N/A")=8,"Bloqueado",IF(COUNTIF('E1 — Solicitação'!$E13:$L13,"✔ Concluído")+COUNTIF('E1 — Solicitação'!$E13:$L13,"N/A")=8,"Concluído",IF(COUNTIF('E1 — Solicitação'!$E13:$L13,"✔ Concluído")+COUNTIF('E1 — Solicitação'!$E13:$L13,"🔄 Em andamento")>0,"Em andamento","Não iniciado")))))) | F31: =IF($B31="","",IF($E31<>"Concluído","Não iniciado",IF(COUNTIF(Lançamentos!$B$3:$B$1001,$B31)=0,"Bloqueado",IF('E2 — Triagem'!$D13="","Bloqueado",IF(COUNTIF('E2 — Triagem'!$E13:$L13,"N/A")=8,"Bloqueado",IF(COUNTIF('E2 — Triagem'!$E13:$L13,"⛔ Bloqueado")>0,"Bloqueado",IF(COUNTIF('E2 — Triagem'!$E13:$L13,"✔ Concluído")+COUNTIF('E2 — Triagem'!$E13:$L13,"N/A")=8,"Concluído",IF(COUNTIF('E2 — Triagem'!$E13:$L13,"✔ Concluído")+COUNTIF('E2 — Triagem'!$E13:$L13,"🔄 Em andamento")>0,"Em andamento","Não iniciado")))))))) | G31: =IF($B31="","",IF($F31<>"Concluído","Não iniciado",IF(COUNTIF(Lançamentos!$B$3:$B$1001,$B31)=0,"Bloqueado",IF('E3 — Levantamento'!$D13="","Bloqueado",IF(COUNTIF('E3 — Levantamento'!$E13:$I13,"⛔ Bloqueado")>0,"Bloqueado",IF('E3 — Levantamento'!$I13="N/A","Bloqueado",IF(COUNTIF('E3 — Levantamento'!$E13:$I13,"✔ Concluído")=5,"Concluído",IF(COUNTIF('E3 — Levantamento'!$E13:$I13,"✔ Concluído")+COUNTIF('E3 — Levantamento'!$E13:$I13,"🔄 Em andamento")>0,"Em andamento","Não iniciado")))))))) | H31: =IF($B31="","",IF($G31<>"Concluído","Não iniciado",IF(COUNTIF(Lançamentos!$B$3:$B$1001,$B31)=0,"Bloqueado",IF('E4 — Execução'!$D13="","Bloqueado",IF(COUNTIF('E4 — Execução'!$E13:$K13,"⛔ Bloqueado")>0,"Bloqueado",IF(COUNTIF('E4 — Execução'!$E13:$K13,"✔ Concluído")=7,"Concluído",IF(COUNTIF('E4 — Execução'!$E13:$K13,"✔ Concluído")+COUNTIF('E4 — Execução'!$E13:$K13,"🔄 Em andamento")>0,"Em andamento","Não iniciado"))))))) | I31: =IF($B31="","",IF($H31<>"Concluído","Não iniciado",IF(COUNTIF(Lançamentos!$B$3:$B$1001,$B31)=0,"Bloqueado",IF('E5 — Validação'!$D13="","Bloqueado",IF(COUNTIF('E5 — Validação'!$E13:$I13,"⛔ Bloqueado")>0,"Bloqueado",IF('E5 — Validação'!$I13="N/A","Bloqueado",IF(AND('E5 — Validação'!$E13="✔ Concluído",'E5 — Validação'!$F13="✔ Concluído",OR('E5 — Validação'!$G13="✔ Concluído",'E5 — Validação'!$G13="N/A"),'E5 — Validação'!$H13="✔ Concluído",'E5 — Validação'!$I13="✔ Concluído"),"Concluído",IF(COUNTIF('E5 — Validação'!$E13:$I13,"✔ Concluído")+COUNTIF('E5 — Validação'!$E13:$I13,"🔄 Em andamento")>0,"Em andamento","Não iniciado")))))))) | J31: =IF($B31="","",IF($I31<>"Concluído","Não iniciado",IF('E6 — Ajustes'!$N13="Não","N/A",IF(COUNTIF(Lançamentos!$B$3:$B$1001,$B31)=0,"Bloqueado",IF('E6 — Ajustes'!$D13="","Bloqueado",IF(COUNTIF('E6 — Ajustes'!$E13:$J13,"⛔ Bloqueado")>0,"Bloqueado",IF(AND('E6 — Ajustes'!$E13="✔ Concluído",'E6 — Ajustes'!$F13="✔ Concluído",'E6 — Ajustes'!$G13="✔ Concluído",'E6 — Ajustes'!$H13="✔ Concluído",OR('E6 — Ajustes'!$I13="✔ Concluído",'E6 — Ajustes'!$I13="N/A"),'E6 — Ajustes'!$J13="✔ Concluído"),"Concluído",IF(COUNTIF('E6 — Ajustes'!$E13:$J13,"✔ Concluído")+COUNTIF('E6 — Ajustes'!$E13:$J13,"🔄 Em andamento")>0,"Em andamento","Não iniciado")))))))) | K31: =IF($B31="","",IF($I31<>"Concluído","Não iniciado",IF(AND($J31<>"Concluído",$J31<>"N/A"),"Não iniciado",IF(COUNTIF(Lançamentos!$B$3:$B$1001,$B31)=0,"Bloqueado",IF('E7 — Entrega'!$D13="","Bloqueado",IF(COUNTIF('E7 — Entrega'!$E13:$H13,"⛔ Bloqueado")>0,"Bloqueado",IF(COUNTIF('E7 — Entrega'!$E13:$H13,"✔ Concluído")=4,"Concluído",IF(COUNTIF('E7 — Entrega'!$E13:$H13,"✔ Concluído")+COUNTIF('E7 — Entrega'!$E13:$H13,"🔄 Em andamento")>0,"Em andamento","Não iniciado")))))))) | L31: =IF($B31="","",IF($K31<>"Concluído","Não iniciado",IF(OR(COUNTIF('E08 — Estabilização Hypercare'!$E13:$J13,"⛔ Bloqueado")>0,'E08 — Estabilização Hypercare'!$N13="⛔ Incidente Crítico — Encerramento Bloqueado",AND('E08 — Estabilização Hypercare'!$N13="🆕 Evolução Identificada — Nova Demanda Aberta",'E08 — Estabilização Hypercare'!$U13="")),"Bloqueado",IF(AND('E08 — Estabilização Hypercare'!$E13="✔ Concluído",'E08 — Estabilização Hypercare'!$F13="✔ Concluído",'E08 — Estabilização Hypercare'!$G13="✔ Concluído",OR('E08 — Estabilização Hypercare'!$H13="✔ Concluído",'E08 — Estabilização Hypercare'!$H13="N/A"),'E08 — Estabilização Hypercare'!$I13="✔ Concluído",'E08 — Estabilização Hypercare'!$J13="✔ Concluído",OR('E08 — Estabilização Hypercare'!$N13="✅ Estável — Demanda Encerrada",AND('E08 — Estabilização Hypercare'!$N13="🆕 Evolução Identificada — Nova Demanda Aberta",'E08 — Estabilização Hypercare'!$U13<>""))),"Concluído",IF(OR(COUNTIF('E08 — Estabilização Hypercare'!$E13:$J13,"✔ Concluído")>0,COUNTIF('E08 — Estabilização Hypercare'!$E13:$J13,"🔄 Em andamento")>0,'E08 — Estabilização Hypercare'!$N13<>""),"Em andamento","Não iniciado"))))) | M31: {=IF(B31="","",_xlfn.IFS(E31<>"Concluído","E1 — Solicitação",F31<>"Concluído","E2 — Triagem",G31<>"Concluído","E3 — Levantamento ⚠",H31<>"Concluído","E4 — Execução",I31<>"Concluído","E5 — Validação ⚠",AND(J31<>"Concluído",J31<>"N/A"),"E6 — Ajustes",K31<>"Concluído","E7 — Entrega",L31<>"Concluído","E08 — Estabilização / Hypercare",TRUE,"✔ Fluxo concluído"))} | N31: =IF(B31="","",(COUNTIF(E31:L31,"Concluído")+COUNTIF(E31:L31,"N/A"))/8)
B32: =IF(Lançamentos!$B9="","",Lançamentos!$B9) | C32: =IF($B32="","",Lançamentos!$J9) | D32: =IF($B32="","",Lançamentos!$H9) | E32: =IF($B32="","",IF(COUNTIF(Lançamentos!$B$3:$B$1001,$B32)=0,"Bloqueado",IF(COUNTIF('E1 — Solicitação'!$E14:$L14,"⛔ Bloqueado")>0,"Bloqueado",IF(COUNTIF('E1 — Solicitação'!$E14:$L14,"N/A")=8,"Bloqueado",IF(COUNTIF('E1 — Solicitação'!$E14:$L14,"✔ Concluído")+COUNTIF('E1 — Solicitação'!$E14:$L14,"N/A")=8,"Concluído",IF(COUNTIF('E1 — Solicitação'!$E14:$L14,"✔ Concluído")+COUNTIF('E1 — Solicitação'!$E14:$L14,"🔄 Em andamento")>0,"Em andamento","Não iniciado")))))) | F32: =IF($B32="","",IF($E32<>"Concluído","Não iniciado",IF(COUNTIF(Lançamentos!$B$3:$B$1001,$B32)=0,"Bloqueado",IF('E2 — Triagem'!$D14="","Bloqueado",IF(COUNTIF('E2 — Triagem'!$E14:$L14,"N/A")=8,"Bloqueado",IF(COUNTIF('E2 — Triagem'!$E14:$L14,"⛔ Bloqueado")>0,"Bloqueado",IF(COUNTIF('E2 — Triagem'!$E14:$L14,"✔ Concluído")+COUNTIF('E2 — Triagem'!$E14:$L14,"N/A")=8,"Concluído",IF(COUNTIF('E2 — Triagem'!$E14:$L14,"✔ Concluído")+COUNTIF('E2 — Triagem'!$E14:$L14,"🔄 Em andamento")>0,"Em andamento","Não iniciado")))))))) | G32: =IF($B32="","",IF($F32<>"Concluído","Não iniciado",IF(COUNTIF(Lançamentos!$B$3:$B$1001,$B32)=0,"Bloqueado",IF('E3 — Levantamento'!$D14="","Bloqueado",IF(COUNTIF('E3 — Levantamento'!$E14:$I14,"⛔ Bloqueado")>0,"Bloqueado",IF('E3 — Levantamento'!$I14="N/A","Bloqueado",IF(COUNTIF('E3 — Levantamento'!$E14:$I14,"✔ Concluído")=5,"Concluído",IF(COUNTIF('E3 — Levantamento'!$E14:$I14,"✔ Concluído")+COUNTIF('E3 — Levantamento'!$E14:$I14,"🔄 Em andamento")>0,"Em andamento","Não iniciado")))))))) | H32: =IF($B32="","",IF($G32<>"Concluído","Não iniciado",IF(COUNTIF(Lançamentos!$B$3:$B$1001,$B32)=0,"Bloqueado",IF('E4 — Execução'!$D14="","Bloqueado",IF(COUNTIF('E4 — Execução'!$E14:$K14,"⛔ Bloqueado")>0,"Bloqueado",IF(COUNTIF('E4 — Execução'!$E14:$K14,"✔ Concluído")=7,"Concluído",IF(COUNTIF('E4 — Execução'!$E14:$K14,"✔ Concluído")+COUNTIF('E4 — Execução'!$E14:$K14,"🔄 Em andamento")>0,"Em andamento","Não iniciado"))))))) | I32: =IF($B32="","",IF($H32<>"Concluído","Não iniciado",IF(COUNTIF(Lançamentos!$B$3:$B$1001,$B32)=0,"Bloqueado",IF('E5 — Validação'!$D14="","Bloqueado",IF(COUNTIF('E5 — Validação'!$E14:$I14,"⛔ Bloqueado")>0,"Bloqueado",IF('E5 — Validação'!$I14="N/A","Bloqueado",IF(AND('E5 — Validação'!$E14="✔ Concluído",'E5 — Validação'!$F14="✔ Concluído",OR('E5 — Validação'!$G14="✔ Concluído",'E5 — Validação'!$G14="N/A"),'E5 — Validação'!$H14="✔ Concluído",'E5 — Validação'!$I14="✔ Concluído"),"Concluído",IF(COUNTIF('E5 — Validação'!$E14:$I14,"✔ Concluído")+COUNTIF('E5 — Validação'!$E14:$I14,"🔄 Em andamento")>0,"Em andamento","Não iniciado")))))))) | J32: =IF($B32="","",IF($I32<>"Concluído","Não iniciado",IF('E6 — Ajustes'!$N14="Não","N/A",IF(COUNTIF(Lançamentos!$B$3:$B$1001,$B32)=0,"Bloqueado",IF('E6 — Ajustes'!$D14="","Bloqueado",IF(COUNTIF('E6 — Ajustes'!$E14:$J14,"⛔ Bloqueado")>0,"Bloqueado",IF(AND('E6 — Ajustes'!$E14="✔ Concluído",'E6 — Ajustes'!$F14="✔ Concluído",'E6 — Ajustes'!$G14="✔ Concluído",'E6 — Ajustes'!$H14="✔ Concluído",OR('E6 — Ajustes'!$I14="✔ Concluído",'E6 — Ajustes'!$I14="N/A"),'E6 — Ajustes'!$J14="✔ Concluído"),"Concluído",IF(COUNTIF('E6 — Ajustes'!$E14:$J14,"✔ Concluído")+COUNTIF('E6 — Ajustes'!$E14:$J14,"🔄 Em andamento")>0,"Em andamento","Não iniciado")))))))) | K32: =IF($B32="","",IF($I32<>"Concluído","Não iniciado",IF(AND($J32<>"Concluído",$J32<>"N/A"),"Não iniciado",IF(COUNTIF(Lançamentos!$B$3:$B$1001,$B32)=0,"Bloqueado",IF('E7 — Entrega'!$D14="","Bloqueado",IF(COUNTIF('E7 — Entrega'!$E14:$H14,"⛔ Bloqueado")>0,"Bloqueado",IF(COUNTIF('E7 — Entrega'!$E14:$H14,"✔ Concluído")=4,"Concluído",IF(COUNTIF('E7 — Entrega'!$E14:$H14,"✔ Concluído")+COUNTIF('E7 — Entrega'!$E14:$H14,"🔄 Em andamento")>0,"Em andamento","Não iniciado")))))))) | L32: =IF($B32="","",IF($K32<>"Concluído","Não iniciado",IF(OR(COUNTIF('E08 — Estabilização Hypercare'!$E14:$J14,"⛔ Bloqueado")>0,'E08 — Estabilização Hypercare'!$N14="⛔ Incidente Crítico — Encerramento Bloqueado",AND('E08 — Estabilização Hypercare'!$N14="🆕 Evolução Identificada — Nova Demanda Aberta",'E08 — Estabilização Hypercare'!$U14="")),"Bloqueado",IF(AND('E08 — Estabilização Hypercare'!$E14="✔ Concluído",'E08 — Estabilização Hypercare'!$F14="✔ Concluído",'E08 — Estabilização Hypercare'!$G14="✔ Concluído",OR('E08 — Estabilização Hypercare'!$H14="✔ Concluído",'E08 — Estabilização Hypercare'!$H14="N/A"),'E08 — Estabilização Hypercare'!$I14="✔ Concluído",'E08 — Estabilização Hypercare'!$J14="✔ Concluído",OR('E08 — Estabilização Hypercare'!$N14="✅ Estável — Demanda Encerrada",AND('E08 — Estabilização Hypercare'!$N14="🆕 Evolução Identificada — Nova Demanda Aberta",'E08 — Estabilização Hypercare'!$U14<>""))),"Concluído",IF(OR(COUNTIF('E08 — Estabilização Hypercare'!$E14:$J14,"✔ Concluído")>0,COUNTIF('E08 — Estabilização Hypercare'!$E14:$J14,"🔄 Em andamento")>0,'E08 — Estabilização Hypercare'!$N14<>""),"Em andamento","Não iniciado"))))) | M32: {=IF(B32="","",_xlfn.IFS(E32<>"Concluído","E1 — Solicitação",F32<>"Concluído","E2 — Triagem",G32<>"Concluído","E3 — Levantamento ⚠",H32<>"Concluído","E4 — Execução",I32<>"Concluído","E5 — Validação ⚠",AND(J32<>"Concluído",J32<>"N/A"),"E6 — Ajustes",K32<>"Concluído","E7 — Entrega",L32<>"Concluído","E08 — Estabilização / Hypercare",TRUE,"✔ Fluxo concluído"))} | N32: =IF(B32="","",(COUNTIF(E32:L32,"Concluído")+COUNTIF(E32:L32,"N/A"))/8)
B33: =IF(Lançamentos!$B10="","",Lançamentos!$B10) | C33: =IF($B33="","",Lançamentos!$J10) | D33: =IF($B33="","",Lançamentos!$H10) | E33: =IF($B33="","",IF(COUNTIF(Lançamentos!$B$3:$B$1001,$B33)=0,"Bloqueado",IF(COUNTIF('E1 — Solicitação'!$E15:$L15,"⛔ Bloqueado")>0,"Bloqueado",IF(COUNTIF('E1 — Solicitação'!$E15:$L15,"N/A")=8,"Bloqueado",IF(COUNTIF('E1 — Solicitação'!$E15:$L15,"✔ Concluído")+COUNTIF('E1 — Solicitação'!$E15:$L15,"N/A")=8,"Concluído",IF(COUNTIF('E1 — Solicitação'!$E15:$L15,"✔ Concluído")+COUNTIF('E1 — Solicitação'!$E15:$L15,"🔄 Em andamento")>0,"Em andamento","Não iniciado")))))) | F33: =IF($B33="","",IF($E33<>"Concluído","Não iniciado",IF(COUNTIF(Lançamentos!$B$3:$B$1001,$B33)=0,"Bloqueado",IF('E2 — Triagem'!$D15="","Bloqueado",IF(COUNTIF('E2 — Triagem'!$E15:$L15,"N/A")=8,"Bloqueado",IF(COUNTIF('E2 — Triagem'!$E15:$L15,"⛔ Bloqueado")>0,"Bloqueado",IF(COUNTIF('E2 — Triagem'!$E15:$L15,"✔ Concluído")+COUNTIF('E2 — Triagem'!$E15:$L15,"N/A")=8,"Concluído",IF(COUNTIF('E2 — Triagem'!$E15:$L15,"✔ Concluído")+COUNTIF('E2 — Triagem'!$E15:$L15,"🔄 Em andamento")>0,"Em andamento","Não iniciado")))))))) | G33: =IF($B33="","",IF($F33<>"Concluído","Não iniciado",IF(COUNTIF(Lançamentos!$B$3:$B$1001,$B33)=0,"Bloqueado",IF('E3 — Levantamento'!$D15="","Bloqueado",IF(COUNTIF('E3 — Levantamento'!$E15:$I15,"⛔ Bloqueado")>0,"Bloqueado",IF('E3 — Levantamento'!$I15="N/A","Bloqueado",IF(COUNTIF('E3 — Levantamento'!$E15:$I15,"✔ Concluído")=5,"Concluído",IF(COUNTIF('E3 — Levantamento'!$E15:$I15,"✔ Concluído")+COUNTIF('E3 — Levantamento'!$E15:$I15,"🔄 Em andamento")>0,"Em andamento","Não iniciado")))))))) | H33: =IF($B33="","",IF($G33<>"Concluído","Não iniciado",IF(COUNTIF(Lançamentos!$B$3:$B$1001,$B33)=0,"Bloqueado",IF('E4 — Execução'!$D15="","Bloqueado",IF(COUNTIF('E4 — Execução'!$E15:$K15,"⛔ Bloqueado")>0,"Bloqueado",IF(COUNTIF('E4 — Execução'!$E15:$K15,"✔ Concluído")=7,"Concluído",IF(COUNTIF('E4 — Execução'!$E15:$K15,"✔ Concluído")+COUNTIF('E4 — Execução'!$E15:$K15,"🔄 Em andamento")>0,"Em andamento","Não iniciado"))))))) | I33: =IF($B33="","",IF($H33<>"Concluído","Não iniciado",IF(COUNTIF(Lançamentos!$B$3:$B$1001,$B33)=0,"Bloqueado",IF('E5 — Validação'!$D15="","Bloqueado",IF(COUNTIF('E5 — Validação'!$E15:$I15,"⛔ Bloqueado")>0,"Bloqueado",IF('E5 — Validação'!$I15="N/A","Bloqueado",IF(AND('E5 — Validação'!$E15="✔ Concluído",'E5 — Validação'!$F15="✔ Concluído",OR('E5 — Validação'!$G15="✔ Concluído",'E5 — Validação'!$G15="N/A"),'E5 — Validação'!$H15="✔ Concluído",'E5 — Validação'!$I15="✔ Concluído"),"Concluído",IF(COUNTIF('E5 — Validação'!$E15:$I15,"✔ Concluído")+COUNTIF('E5 — Validação'!$E15:$I15,"🔄 Em andamento")>0,"Em andamento","Não iniciado")))))))) | J33: =IF($B33="","",IF($I33<>"Concluído","Não iniciado",IF('E6 — Ajustes'!$N15="Não","N/A",IF(COUNTIF(Lançamentos!$B$3:$B$1001,$B33)=0,"Bloqueado",IF('E6 — Ajustes'!$D15="","Bloqueado",IF(COUNTIF('E6 — Ajustes'!$E15:$J15,"⛔ Bloqueado")>0,"Bloqueado",IF(AND('E6 — Ajustes'!$E15="✔ Concluído",'E6 — Ajustes'!$F15="✔ Concluído",'E6 — Ajustes'!$G15="✔ Concluído",'E6 — Ajustes'!$H15="✔ Concluído",OR('E6 — Ajustes'!$I15="✔ Concluído",'E6 — Ajustes'!$I15="N/A"),'E6 — Ajustes'!$J15="✔ Concluído"),"Concluído",IF(COUNTIF('E6 — Ajustes'!$E15:$J15,"✔ Concluído")+COUNTIF('E6 — Ajustes'!$E15:$J15,"🔄 Em andamento")>0,"Em andamento","Não iniciado")))))))) | K33: =IF($B33="","",IF($I33<>"Concluído","Não iniciado",IF(AND($J33<>"Concluído",$J33<>"N/A"),"Não iniciado",IF(COUNTIF(Lançamentos!$B$3:$B$1001,$B33)=0,"Bloqueado",IF('E7 — Entrega'!$D15="","Bloqueado",IF(COUNTIF('E7 — Entrega'!$E15:$H15,"⛔ Bloqueado")>0,"Bloqueado",IF(COUNTIF('E7 — Entrega'!$E15:$H15,"✔ Concluído")=4,"Concluído",IF(COUNTIF('E7 — Entrega'!$E15:$H15,"✔ Concluído")+COUNTIF('E7 — Entrega'!$E15:$H15,"🔄 Em andamento")>0,"Em andamento","Não iniciado")))))))) | L33: =IF($B33="","",IF($K33<>"Concluído","Não iniciado",IF(OR(COUNTIF('E08 — Estabilização Hypercare'!$E15:$J15,"⛔ Bloqueado")>0,'E08 — Estabilização Hypercare'!$N15="⛔ Incidente Crítico — Encerramento Bloqueado",AND('E08 — Estabilização Hypercare'!$N15="🆕 Evolução Identificada — Nova Demanda Aberta",'E08 — Estabilização Hypercare'!$U15="")),"Bloqueado",IF(AND('E08 — Estabilização Hypercare'!$E15="✔ Concluído",'E08 — Estabilização Hypercare'!$F15="✔ Concluído",'E08 — Estabilização Hypercare'!$G15="✔ Concluído",OR('E08 — Estabilização Hypercare'!$H15="✔ Concluído",'E08 — Estabilização Hypercare'!$H15="N/A"),'E08 — Estabilização Hypercare'!$I15="✔ Concluído",'E08 — Estabilização Hypercare'!$J15="✔ Concluído",OR('E08 — Estabilização Hypercare'!$N15="✅ Estável — Demanda Encerrada",AND('E08 — Estabilização Hypercare'!$N15="🆕 Evolução Identificada — Nova Demanda Aberta",'E08 — Estabilização Hypercare'!$U15<>""))),"Concluído",IF(OR(COUNTIF('E08 — Estabilização Hypercare'!$E15:$J15,"✔ Concluído")>0,COUNTIF('E08 — Estabilização Hypercare'!$E15:$J15,"🔄 Em andamento")>0,'E08 — Estabilização Hypercare'!$N15<>""),"Em andamento","Não iniciado"))))) | M33: {=IF(B33="","",_xlfn.IFS(E33<>"Concluído","E1 — Solicitação",F33<>"Concluído","E2 — Triagem",G33<>"Concluído","E3 — Levantamento ⚠",H33<>"Concluído","E4 — Execução",I33<>"Concluído","E5 — Validação ⚠",AND(J33<>"Concluído",J33<>"N/A"),"E6 — Ajustes",K33<>"Concluído","E7 — Entrega",L33<>"Concluído","E08 — Estabilização / Hypercare",TRUE,"✔ Fluxo concluído"))} | N33: =IF(B33="","",(COUNTIF(E33:L33,"Concluído")+COUNTIF(E33:L33,"N/A"))/8)
B34: =IF(Lançamentos!$B11="","",Lançamentos!$B11) | C34: =IF($B34="","",Lançamentos!$J11) | D34: =IF($B34="","",Lançamentos!$H11) | E34: =IF($B34="","",IF(COUNTIF(Lançamentos!$B$3:$B$1001,$B34)=0,"Bloqueado",IF(COUNTIF('E1 — Solicitação'!$E16:$L16,"⛔ Bloqueado")>0,"Bloqueado",IF(COUNTIF('E1 — Solicitação'!$E16:$L16,"N/A")=8,"Bloqueado",IF(COUNTIF('E1 — Solicitação'!$E16:$L16,"✔ Concluído")+COUNTIF('E1 — Solicitação'!$E16:$L16,"N/A")=8,"Concluído",IF(COUNTIF('E1 — Solicitação'!$E16:$L16,"✔ Concluído")+COUNTIF('E1 — Solicitação'!$E16:$L16,"🔄 Em andamento")>0,"Em andamento","Não iniciado")))))) | F34: =IF($B34="","",IF($E34<>"Concluído","Não iniciado",IF(COUNTIF(Lançamentos!$B$3:$B$1001,$B34)=0,"Bloqueado",IF('E2 — Triagem'!$D16="","Bloqueado",IF(COUNTIF('E2 — Triagem'!$E16:$L16,"N/A")=8,"Bloqueado",IF(COUNTIF('E2 — Triagem'!$E16:$L16,"⛔ Bloqueado")>0,"Bloqueado",IF(COUNTIF('E2 — Triagem'!$E16:$L16,"✔ Concluído")+COUNTIF('E2 — Triagem'!$E16:$L16,"N/A")=8,"Concluído",IF(COUNTIF('E2 — Triagem'!$E16:$L16,"✔ Concluído")+COUNTIF('E2 — Triagem'!$E16:$L16,"🔄 Em andamento")>0,"Em andamento","Não iniciado")))))))) | G34: =IF($B34="","",IF($F34<>"Concluído","Não iniciado",IF(COUNTIF(Lançamentos!$B$3:$B$1001,$B34)=0,"Bloqueado",IF('E3 — Levantamento'!$D16="","Bloqueado",IF(COUNTIF('E3 — Levantamento'!$E16:$I16,"⛔ Bloqueado")>0,"Bloqueado",IF('E3 — Levantamento'!$I16="N/A","Bloqueado",IF(COUNTIF('E3 — Levantamento'!$E16:$I16,"✔ Concluído")=5,"Concluído",IF(COUNTIF('E3 — Levantamento'!$E16:$I16,"✔ Concluído")+COUNTIF('E3 — Levantamento'!$E16:$I16,"🔄 Em andamento")>0,"Em andamento","Não iniciado")))))))) | H34: =IF($B34="","",IF($G34<>"Concluído","Não iniciado",IF(COUNTIF(Lançamentos!$B$3:$B$1001,$B34)=0,"Bloqueado",IF('E4 — Execução'!$D16="","Bloqueado",IF(COUNTIF('E4 — Execução'!$E16:$K16,"⛔ Bloqueado")>0,"Bloqueado",IF(COUNTIF('E4 — Execução'!$E16:$K16,"✔ Concluído")=7,"Concluído",IF(COUNTIF('E4 — Execução'!$E16:$K16,"✔ Concluído")+COUNTIF('E4 — Execução'!$E16:$K16,"🔄 Em andamento")>0,"Em andamento","Não iniciado"))))))) | I34: =IF($B34="","",IF($H34<>"Concluído","Não iniciado",IF(COUNTIF(Lançamentos!$B$3:$B$1001,$B34)=0,"Bloqueado",IF('E5 — Validação'!$D16="","Bloqueado",IF(COUNTIF('E5 — Validação'!$E16:$I16,"⛔ Bloqueado")>0,"Bloqueado",IF('E5 — Validação'!$I16="N/A","Bloqueado",IF(AND('E5 — Validação'!$E16="✔ Concluído",'E5 — Validação'!$F16="✔ Concluído",OR('E5 — Validação'!$G16="✔ Concluído",'E5 — Validação'!$G16="N/A"),'E5 — Validação'!$H16="✔ Concluído",'E5 — Validação'!$I16="✔ Concluído"),"Concluído",IF(COUNTIF('E5 — Validação'!$E16:$I16,"✔ Concluído")+COUNTIF('E5 — Validação'!$E16:$I16,"🔄 Em andamento")>0,"Em andamento","Não iniciado")))))))) | J34: =IF($B34="","",IF($I34<>"Concluído","Não iniciado",IF('E6 — Ajustes'!$N16="Não","N/A",IF(COUNTIF(Lançamentos!$B$3:$B$1001,$B34)=0,"Bloqueado",IF('E6 — Ajustes'!$D16="","Bloqueado",IF(COUNTIF('E6 — Ajustes'!$E16:$J16,"⛔ Bloqueado")>0,"Bloqueado",IF(AND('E6 — Ajustes'!$E16="✔ Concluído",'E6 — Ajustes'!$F16="✔ Concluído",'E6 — Ajustes'!$G16="✔ Concluído",'E6 — Ajustes'!$H16="✔ Concluído",OR('E6 — Ajustes'!$I16="✔ Concluído",'E6 — Ajustes'!$I16="N/A"),'E6 — Ajustes'!$J16="✔ Concluído"),"Concluído",IF(COUNTIF('E6 — Ajustes'!$E16:$J16,"✔ Concluído")+COUNTIF('E6 — Ajustes'!$E16:$J16,"🔄 Em andamento")>0,"Em andamento","Não iniciado")))))))) | K34: =IF($B34="","",IF($I34<>"Concluído","Não iniciado",IF(AND($J34<>"Concluído",$J34<>"N/A"),"Não iniciado",IF(COUNTIF(Lançamentos!$B$3:$B$1001,$B34)=0,"Bloqueado",IF('E7 — Entrega'!$D16="","Bloqueado",IF(COUNTIF('E7 — Entrega'!$E16:$H16,"⛔ Bloqueado")>0,"Bloqueado",IF(COUNTIF('E7 — Entrega'!$E16:$H16,"✔ Concluído")=4,"Concluído",IF(COUNTIF('E7 — Entrega'!$E16:$H16,"✔ Concluído")+COUNTIF('E7 — Entrega'!$E16:$H16,"🔄 Em andamento")>0,"Em andamento","Não iniciado")))))))) | L34: =IF($B34="","",IF($K34<>"Concluído","Não iniciado",IF(OR(COUNTIF('E08 — Estabilização Hypercare'!$E16:$J16,"⛔ Bloqueado")>0,'E08 — Estabilização Hypercare'!$N16="⛔ Incidente Crítico — Encerramento Bloqueado",AND('E08 — Estabilização Hypercare'!$N16="🆕 Evolução Identificada — Nova Demanda Aberta",'E08 — Estabilização Hypercare'!$U16="")),"Bloqueado",IF(AND('E08 — Estabilização Hypercare'!$E16="✔ Concluído",'E08 — Estabilização Hypercare'!$F16="✔ Concluído",'E08 — Estabilização Hypercare'!$G16="✔ Concluído",OR('E08 — Estabilização Hypercare'!$H16="✔ Concluído",'E08 — Estabilização Hypercare'!$H16="N/A"),'E08 — Estabilização Hypercare'!$I16="✔ Concluído",'E08 — Estabilização Hypercare'!$J16="✔ Concluído",OR('E08 — Estabilização Hypercare'!$N16="✅ Estável — Demanda Encerrada",AND('E08 — Estabilização Hypercare'!$N16="🆕 Evolução Identificada — Nova Demanda Aberta",'E08 — Estabilização Hypercare'!$U16<>""))),"Concluído",IF(OR(COUNTIF('E08 — Estabilização Hypercare'!$E16:$J16,"✔ Concluído")>0,COUNTIF('E08 — Estabilização Hypercare'!$E16:$J16,"🔄 Em andamento")>0,'E08 — Estabilização Hypercare'!$N16<>""),"Em andamento","Não iniciado"))))) | M34: {=IF(B34="","",_xlfn.IFS(E34<>"Concluído","E1 — Solicitação",F34<>"Concluído","E2 — Triagem",G34<>"Concluído","E3 — Levantamento ⚠",H34<>"Concluído","E4 — Execução",I34<>"Concluído","E5 — Validação ⚠",AND(J34<>"Concluído",J34<>"N/A"),"E6 — Ajustes",K34<>"Concluído","E7 — Entrega",L34<>"Concluído","E08 — Estabilização / Hypercare",TRUE,"✔ Fluxo concluído"))} | N34: =IF(B34="","",(COUNTIF(E34:L34,"Concluído")+COUNTIF(E34:L34,"N/A"))/8)
B35: =IF(Lançamentos!$B12="","",Lançamentos!$B12) | C35: =IF($B35="","",Lançamentos!$J12) | D35: =IF($B35="","",Lançamentos!$H12) | E35: =IF($B35="","",IF(COUNTIF(Lançamentos!$B$3:$B$1001,$B35)=0,"Bloqueado",IF(COUNTIF('E1 — Solicitação'!$E17:$L17,"⛔ Bloqueado")>0,"Bloqueado",IF(COUNTIF('E1 — Solicitação'!$E17:$L17,"N/A")=8,"Bloqueado",IF(COUNTIF('E1 — Solicitação'!$E17:$L17,"✔ Concluído")+COUNTIF('E1 — Solicitação'!$E17:$L17,"N/A")=8,"Concluído",IF(COUNTIF('E1 — Solicitação'!$E17:$L17,"✔ Concluído")+COUNTIF('E1 — Solicitação'!$E17:$L17,"🔄 Em andamento")>0,"Em andamento","Não iniciado")))))) | F35: =IF($B35="","",IF($E35<>"Concluído","Não iniciado",IF(COUNTIF(Lançamentos!$B$3:$B$1001,$B35)=0,"Bloqueado",IF('E2 — Triagem'!$D17="","Bloqueado",IF(COUNTIF('E2 — Triagem'!$E17:$L17,"N/A")=8,"Bloqueado",IF(COUNTIF('E2 — Triagem'!$E17:$L17,"⛔ Bloqueado")>0,"Bloqueado",IF(COUNTIF('E2 — Triagem'!$E17:$L17,"✔ Concluído")+COUNTIF('E2 — Triagem'!$E17:$L17,"N/A")=8,"Concluído",IF(COUNTIF('E2 — Triagem'!$E17:$L17,"✔ Concluído")+COUNTIF('E2 — Triagem'!$E17:$L17,"🔄 Em andamento")>0,"Em andamento","Não iniciado")))))))) | G35: =IF($B35="","",IF($F35<>"Concluído","Não iniciado",IF(COUNTIF(Lançamentos!$B$3:$B$1001,$B35)=0,"Bloqueado",IF('E3 — Levantamento'!$D17="","Bloqueado",IF(COUNTIF('E3 — Levantamento'!$E17:$I17,"⛔ Bloqueado")>0,"Bloqueado",IF('E3 — Levantamento'!$I17="N/A","Bloqueado",IF(COUNTIF('E3 — Levantamento'!$E17:$I17,"✔ Concluído")=5,"Concluído",IF(COUNTIF('E3 — Levantamento'!$E17:$I17,"✔ Concluído")+COUNTIF('E3 — Levantamento'!$E17:$I17,"🔄 Em andamento")>0,"Em andamento","Não iniciado")))))))) | H35: =IF($B35="","",IF($G35<>"Concluído","Não iniciado",IF(COUNTIF(Lançamentos!$B$3:$B$1001,$B35)=0,"Bloqueado",IF('E4 — Execução'!$D17="","Bloqueado",IF(COUNTIF('E4 — Execução'!$E17:$K17,"⛔ Bloqueado")>0,"Bloqueado",IF(COUNTIF('E4 — Execução'!$E17:$K17,"✔ Concluído")=7,"Concluído",IF(COUNTIF('E4 — Execução'!$E17:$K17,"✔ Concluído")+COUNTIF('E4 — Execução'!$E17:$K17,"🔄 Em andamento")>0,"Em andamento","Não iniciado"))))))) | I35: =IF($B35="","",IF($H35<>"Concluído","Não iniciado",IF(COUNTIF(Lançamentos!$B$3:$B$1001,$B35)=0,"Bloqueado",IF('E5 — Validação'!$D17="","Bloqueado",IF(COUNTIF('E5 — Validação'!$E17:$I17,"⛔ Bloqueado")>0,"Bloqueado",IF('E5 — Validação'!$I17="N/A","Bloqueado",IF(AND('E5 — Validação'!$E17="✔ Concluído",'E5 — Validação'!$F17="✔ Concluído",OR('E5 — Validação'!$G17="✔ Concluído",'E5 — Validação'!$G17="N/A"),'E5 — Validação'!$H17="✔ Concluído",'E5 — Validação'!$I17="✔ Concluído"),"Concluído",IF(COUNTIF('E5 — Validação'!$E17:$I17,"✔ Concluído")+COUNTIF('E5 — Validação'!$E17:$I17,"🔄 Em andamento")>0,"Em andamento","Não iniciado")))))))) | J35: =IF($B35="","",IF($I35<>"Concluído","Não iniciado",IF('E6 — Ajustes'!$N17="Não","N/A",IF(COUNTIF(Lançamentos!$B$3:$B$1001,$B35)=0,"Bloqueado",IF('E6 — Ajustes'!$D17="","Bloqueado",IF(COUNTIF('E6 — Ajustes'!$E17:$J17,"⛔ Bloqueado")>0,"Bloqueado",IF(AND('E6 — Ajustes'!$E17="✔ Concluído",'E6 — Ajustes'!$F17="✔ Concluído",'E6 — Ajustes'!$G17="✔ Concluído",'E6 — Ajustes'!$H17="✔ Concluído",OR('E6 — Ajustes'!$I17="✔ Concluído",'E6 — Ajustes'!$I17="N/A"),'E6 — Ajustes'!$J17="✔ Concluído"),"Concluído",IF(COUNTIF('E6 — Ajustes'!$E17:$J17,"✔ Concluído")+COUNTIF('E6 — Ajustes'!$E17:$J17,"🔄 Em andamento")>0,"Em andamento","Não iniciado")))))))) | K35: =IF($B35="","",IF($I35<>"Concluído","Não iniciado",IF(AND($J35<>"Concluído",$J35<>"N/A"),"Não iniciado",IF(COUNTIF(Lançamentos!$B$3:$B$1001,$B35)=0,"Bloqueado",IF('E7 — Entrega'!$D17="","Bloqueado",IF(COUNTIF('E7 — Entrega'!$E17:$H17,"⛔ Bloqueado")>0,"Bloqueado",IF(COUNTIF('E7 — Entrega'!$E17:$H17,"✔ Concluído")=4,"Concluído",IF(COUNTIF('E7 — Entrega'!$E17:$H17,"✔ Concluído")+COUNTIF('E7 — Entrega'!$E17:$H17,"🔄 Em andamento")>0,"Em andamento","Não iniciado")))))))) | L35: =IF($B35="","",IF($K35<>"Concluído","Não iniciado",IF(OR(COUNTIF('E08 — Estabilização Hypercare'!$E17:$J17,"⛔ Bloqueado")>0,'E08 — Estabilização Hypercare'!$N17="⛔ Incidente Crítico — Encerramento Bloqueado",AND('E08 — Estabilização Hypercare'!$N17="🆕 Evolução Identificada — Nova Demanda Aberta",'E08 — Estabilização Hypercare'!$U17="")),"Bloqueado",IF(AND('E08 — Estabilização Hypercare'!$E17="✔ Concluído",'E08 — Estabilização Hypercare'!$F17="✔ Concluído",'E08 — Estabilização Hypercare'!$G17="✔ Concluído",OR('E08 — Estabilização Hypercare'!$H17="✔ Concluído",'E08 — Estabilização Hypercare'!$H17="N/A"),'E08 — Estabilização Hypercare'!$I17="✔ Concluído",'E08 — Estabilização Hypercare'!$J17="✔ Concluído",OR('E08 — Estabilização Hypercare'!$N17="✅ Estável — Demanda Encerrada",AND('E08 — Estabilização Hypercare'!$N17="🆕 Evolução Identificada — Nova Demanda Aberta",'E08 — Estabilização Hypercare'!$U17<>""))),"Concluído",IF(OR(COUNTIF('E08 — Estabilização Hypercare'!$E17:$J17,"✔ Concluído")>0,COUNTIF('E08 — Estabilização Hypercare'!$E17:$J17,"🔄 Em andamento")>0,'E08 — Estabilização Hypercare'!$N17<>""),"Em andamento","Não iniciado"))))) | M35: {=IF(B35="","",_xlfn.IFS(E35<>"Concluído","E1 — Solicitação",F35<>"Concluído","E2 — Triagem",G35<>"Concluído","E3 — Levantamento ⚠",H35<>"Concluído","E4 — Execução",I35<>"Concluído","E5 — Validação ⚠",AND(J35<>"Concluído",J35<>"N/A"),"E6 — Ajustes",K35<>"Concluído","E7 — Entrega",L35<>"Concluído","E08 — Estabilização / Hypercare",TRUE,"✔ Fluxo concluído"))} | N35: =IF(B35="","",(COUNTIF(E35:L35,"Concluído")+COUNTIF(E35:L35,"N/A"))/8)
B36: =IF(Lançamentos!$B13="","",Lançamentos!$B13) | C36: =IF($B36="","",Lançamentos!$J13) | D36: =IF($B36="","",Lançamentos!$H13) | E36: =IF($B36="","",IF(COUNTIF(Lançamentos!$B$3:$B$1001,$B36)=0,"Bloqueado",IF(COUNTIF('E1 — Solicitação'!$E18:$L18,"⛔ Bloqueado")>0,"Bloqueado",IF(COUNTIF('E1 — Solicitação'!$E18:$L18,"N/A")=8,"Bloqueado",IF(COUNTIF('E1 — Solicitação'!$E18:$L18,"✔ Concluído")+COUNTIF('E1 — Solicitação'!$E18:$L18,"N/A")=8,"Concluído",IF(COUNTIF('E1 — Solicitação'!$E18:$L18,"✔ Concluído")+COUNTIF('E1 — Solicitação'!$E18:$L18,"🔄 Em andamento")>0,"Em andamento","Não iniciado")))))) | F36: =IF($B36="","",IF($E36<>"Concluído","Não iniciado",IF(COUNTIF(Lançamentos!$B$3:$B$1001,$B36)=0,"Bloqueado",IF('E2 — Triagem'!$D18="","Bloqueado",IF(COUNTIF('E2 — Triagem'!$E18:$L18,"N/A")=8,"Bloqueado",IF(COUNTIF('E2 — Triagem'!$E18:$L18,"⛔ Bloqueado")>0,"Bloqueado",IF(COUNTIF('E2 — Triagem'!$E18:$L18,"✔ Concluído")+COUNTIF('E2 — Triagem'!$E18:$L18,"N/A")=8,"Concluído",IF(COUNTIF('E2 — Triagem'!$E18:$L18,"✔ Concluído")+COUNTIF('E2 — Triagem'!$E18:$L18,"🔄 Em andamento")>0,"Em andamento","Não iniciado")))))))) | G36: =IF($B36="","",IF($F36<>"Concluído","Não iniciado",IF(COUNTIF(Lançamentos!$B$3:$B$1001,$B36)=0,"Bloqueado",IF('E3 — Levantamento'!$D18="","Bloqueado",IF(COUNTIF('E3 — Levantamento'!$E18:$I18,"⛔ Bloqueado")>0,"Bloqueado",IF('E3 — Levantamento'!$I18="N/A","Bloqueado",IF(COUNTIF('E3 — Levantamento'!$E18:$I18,"✔ Concluído")=5,"Concluído",IF(COUNTIF('E3 — Levantamento'!$E18:$I18,"✔ Concluído")+COUNTIF('E3 — Levantamento'!$E18:$I18,"🔄 Em andamento")>0,"Em andamento","Não iniciado")))))))) | H36: =IF($B36="","",IF($G36<>"Concluído","Não iniciado",IF(COUNTIF(Lançamentos!$B$3:$B$1001,$B36)=0,"Bloqueado",IF('E4 — Execução'!$D18="","Bloqueado",IF(COUNTIF('E4 — Execução'!$E18:$K18,"⛔ Bloqueado")>0,"Bloqueado",IF(COUNTIF('E4 — Execução'!$E18:$K18,"✔ Concluído")=7,"Concluído",IF(COUNTIF('E4 — Execução'!$E18:$K18,"✔ Concluído")+COUNTIF('E4 — Execução'!$E18:$K18,"🔄 Em andamento")>0,"Em andamento","Não iniciado"))))))) | I36: =IF($B36="","",IF($H36<>"Concluído","Não iniciado",IF(COUNTIF(Lançamentos!$B$3:$B$1001,$B36)=0,"Bloqueado",IF('E5 — Validação'!$D18="","Bloqueado",IF(COUNTIF('E5 — Validação'!$E18:$I18,"⛔ Bloqueado")>0,"Bloqueado",IF('E5 — Validação'!$I18="N/A","Bloqueado",IF(AND('E5 — Validação'!$E18="✔ Concluído",'E5 — Validação'!$F18="✔ Concluído",OR('E5 — Validação'!$G18="✔ Concluído",'E5 — Validação'!$G18="N/A"),'E5 — Validação'!$H18="✔ Concluído",'E5 — Validação'!$I18="✔ Concluído"),"Concluído",IF(COUNTIF('E5 — Validação'!$E18:$I18,"✔ Concluído")+COUNTIF('E5 — Validação'!$E18:$I18,"🔄 Em andamento")>0,"Em andamento","Não iniciado")))))))) | J36: =IF($B36="","",IF($I36<>"Concluído","Não iniciado",IF('E6 — Ajustes'!$N18="Não","N/A",IF(COUNTIF(Lançamentos!$B$3:$B$1001,$B36)=0,"Bloqueado",IF('E6 — Ajustes'!$D18="","Bloqueado",IF(COUNTIF('E6 — Ajustes'!$E18:$J18,"⛔ Bloqueado")>0,"Bloqueado",IF(AND('E6 — Ajustes'!$E18="✔ Concluído",'E6 — Ajustes'!$F18="✔ Concluído",'E6 — Ajustes'!$G18="✔ Concluído",'E6 — Ajustes'!$H18="✔ Concluído",OR('E6 — Ajustes'!$I18="✔ Concluído",'E6 — Ajustes'!$I18="N/A"),'E6 — Ajustes'!$J18="✔ Concluído"),"Concluído",IF(COUNTIF('E6 — Ajustes'!$E18:$J18,"✔ Concluído")+COUNTIF('E6 — Ajustes'!$E18:$J18,"🔄 Em andamento")>0,"Em andamento","Não iniciado")))))))) | K36: =IF($B36="","",IF($I36<>"Concluído","Não iniciado",IF(AND($J36<>"Concluído",$J36<>"N/A"),"Não iniciado",IF(COUNTIF(Lançamentos!$B$3:$B$1001,$B36)=0,"Bloqueado",IF('E7 — Entrega'!$D18="","Bloqueado",IF(COUNTIF('E7 — Entrega'!$E18:$H18,"⛔ Bloqueado")>0,"Bloqueado",IF(COUNTIF('E7 — Entrega'!$E18:$H18,"✔ Concluído")=4,"Concluído",IF(COUNTIF('E7 — Entrega'!$E18:$H18,"✔ Concluído")+COUNTIF('E7 — Entrega'!$E18:$H18,"🔄 Em andamento")>0,"Em andamento","Não iniciado")))))))) | L36: =IF($B36="","",IF($K36<>"Concluído","Não iniciado",IF(OR(COUNTIF('E08 — Estabilização Hypercare'!$E18:$J18,"⛔ Bloqueado")>0,'E08 — Estabilização Hypercare'!$N18="⛔ Incidente Crítico — Encerramento Bloqueado",AND('E08 — Estabilização Hypercare'!$N18="🆕 Evolução Identificada — Nova Demanda Aberta",'E08 — Estabilização Hypercare'!$U18="")),"Bloqueado",IF(AND('E08 — Estabilização Hypercare'!$E18="✔ Concluído",'E08 — Estabilização Hypercare'!$F18="✔ Concluído",'E08 — Estabilização Hypercare'!$G18="✔ Concluído",OR('E08 — Estabilização Hypercare'!$H18="✔ Concluído",'E08 — Estabilização Hypercare'!$H18="N/A"),'E08 — Estabilização Hypercare'!$I18="✔ Concluído",'E08 — Estabilização Hypercare'!$J18="✔ Concluído",OR('E08 — Estabilização Hypercare'!$N18="✅ Estável — Demanda Encerrada",AND('E08 — Estabilização Hypercare'!$N18="🆕 Evolução Identificada — Nova Demanda Aberta",'E08 — Estabilização Hypercare'!$U18<>""))),"Concluído",IF(OR(COUNTIF('E08 — Estabilização Hypercare'!$E18:$J18,"✔ Concluído")>0,COUNTIF('E08 — Estabilização Hypercare'!$E18:$J18,"🔄 Em andamento")>0,'E08 — Estabilização Hypercare'!$N18<>""),"Em andamento","Não iniciado"))))) | M36: {=IF(B36="","",_xlfn.IFS(E36<>"Concluído","E1 — Solicitação",F36<>"Concluído","E2 — Triagem",G36<>"Concluído","E3 — Levantamento ⚠",H36<>"Concluído","E4 — Execução",I36<>"Concluído","E5 — Validação ⚠",AND(J36<>"Concluído",J36<>"N/A"),"E6 — Ajustes",K36<>"Concluído","E7 — Entrega",L36<>"Concluído","E08 — Estabilização / Hypercare",TRUE,"✔ Fluxo concluído"))} | N36: =IF(B36="","",(COUNTIF(E36:L36,"Concluído")+COUNTIF(E36:L36,"N/A"))/8)
B37: =IF(Lançamentos!$B14="","",Lançamentos!$B14) | C37: =IF($B37="","",Lançamentos!$J14) | D37: =IF($B37="","",Lançamentos!$H14) | E37: =IF($B37="","",IF(COUNTIF(Lançamentos!$B$3:$B$1001,$B37)=0,"Bloqueado",IF(COUNTIF('E1 — Solicitação'!$E19:$L19,"⛔ Bloqueado")>0,"Bloqueado",IF(COUNTIF('E1 — Solicitação'!$E19:$L19,"N/A")=8,"Bloqueado",IF(COUNTIF('E1 — Solicitação'!$E19:$L19,"✔ Concluído")+COUNTIF('E1 — Solicitação'!$E19:$L19,"N/A")=8,"Concluído",IF(COUNTIF('E1 — Solicitação'!$E19:$L19,"✔ Concluído")+COUNTIF('E1 — Solicitação'!$E19:$L19,"🔄 Em andamento")>0,"Em andamento","Não iniciado")))))) | F37: =IF($B37="","",IF($E37<>"Concluído","Não iniciado",IF(COUNTIF(Lançamentos!$B$3:$B$1001,$B37)=0,"Bloqueado",IF('E2 — Triagem'!$D19="","Bloqueado",IF(COUNTIF('E2 — Triagem'!$E19:$L19,"N/A")=8,"Bloqueado",IF(COUNTIF('E2 — Triagem'!$E19:$L19,"⛔ Bloqueado")>0,"Bloqueado",IF(COUNTIF('E2 — Triagem'!$E19:$L19,"✔ Concluído")+COUNTIF('E2 — Triagem'!$E19:$L19,"N/A")=8,"Concluído",IF(COUNTIF('E2 — Triagem'!$E19:$L19,"✔ Concluído")+COUNTIF('E2 — Triagem'!$E19:$L19,"🔄 Em andamento")>0,"Em andamento","Não iniciado")))))))) | G37: =IF($B37="","",IF($F37<>"Concluído","Não iniciado",IF(COUNTIF(Lançamentos!$B$3:$B$1001,$B37)=0,"Bloqueado",IF('E3 — Levantamento'!$D19="","Bloqueado",IF(COUNTIF('E3 — Levantamento'!$E19:$I19,"⛔ Bloqueado")>0,"Bloqueado",IF('E3 — Levantamento'!$I19="N/A","Bloqueado",IF(COUNTIF('E3 — Levantamento'!$E19:$I19,"✔ Concluído")=5,"Concluído",IF(COUNTIF('E3 — Levantamento'!$E19:$I19,"✔ Concluído")+COUNTIF('E3 — Levantamento'!$E19:$I19,"🔄 Em andamento")>0,"Em andamento","Não iniciado")))))))) | H37: =IF($B37="","",IF($G37<>"Concluído","Não iniciado",IF(COUNTIF(Lançamentos!$B$3:$B$1001,$B37)=0,"Bloqueado",IF('E4 — Execução'!$D19="","Bloqueado",IF(COUNTIF('E4 — Execução'!$E19:$K19,"⛔ Bloqueado")>0,"Bloqueado",IF(COUNTIF('E4 — Execução'!$E19:$K19,"✔ Concluído")=7,"Concluído",IF(COUNTIF('E4 — Execução'!$E19:$K19,"✔ Concluído")+COUNTIF('E4 — Execução'!$E19:$K19,"🔄 Em andamento")>0,"Em andamento","Não iniciado"))))))) | I37: =IF($B37="","",IF($H37<>"Concluído","Não iniciado",IF(COUNTIF(Lançamentos!$B$3:$B$1001,$B37)=0,"Bloqueado",IF('E5 — Validação'!$D19="","Bloqueado",IF(COUNTIF('E5 — Validação'!$E19:$I19,"⛔ Bloqueado")>0,"Bloqueado",IF('E5 — Validação'!$I19="N/A","Bloqueado",IF(AND('E5 — Validação'!$E19="✔ Concluído",'E5 — Validação'!$F19="✔ Concluído",OR('E5 — Validação'!$G19="✔ Concluído",'E5 — Validação'!$G19="N/A"),'E5 — Validação'!$H19="✔ Concluído",'E5 — Validação'!$I19="✔ Concluído"),"Concluído",IF(COUNTIF('E5 — Validação'!$E19:$I19,"✔ Concluído")+COUNTIF('E5 — Validação'!$E19:$I19,"🔄 Em andamento")>0,"Em andamento","Não iniciado")))))))) | J37: =IF($B37="","",IF($I37<>"Concluído","Não iniciado",IF('E6 — Ajustes'!$N19="Não","N/A",IF(COUNTIF(Lançamentos!$B$3:$B$1001,$B37)=0,"Bloqueado",IF('E6 — Ajustes'!$D19="","Bloqueado",IF(COUNTIF('E6 — Ajustes'!$E19:$J19,"⛔ Bloqueado")>0,"Bloqueado",IF(AND('E6 — Ajustes'!$E19="✔ Concluído",'E6 — Ajustes'!$F19="✔ Concluído",'E6 — Ajustes'!$G19="✔ Concluído",'E6 — Ajustes'!$H19="✔ Concluído",OR('E6 — Ajustes'!$I19="✔ Concluído",'E6 — Ajustes'!$I19="N/A"),'E6 — Ajustes'!$J19="✔ Concluído"),"Concluído",IF(COUNTIF('E6 — Ajustes'!$E19:$J19,"✔ Concluído")+COUNTIF('E6 — Ajustes'!$E19:$J19,"🔄 Em andamento")>0,"Em andamento","Não iniciado")))))))) | K37: =IF($B37="","",IF($I37<>"Concluído","Não iniciado",IF(AND($J37<>"Concluído",$J37<>"N/A"),"Não iniciado",IF(COUNTIF(Lançamentos!$B$3:$B$1001,$B37)=0,"Bloqueado",IF('E7 — Entrega'!$D19="","Bloqueado",IF(COUNTIF('E7 — Entrega'!$E19:$H19,"⛔ Bloqueado")>0,"Bloqueado",IF(COUNTIF('E7 — Entrega'!$E19:$H19,"✔ Concluído")=4,"Concluído",IF(COUNTIF('E7 — Entrega'!$E19:$H19,"✔ Concluído")+COUNTIF('E7 — Entrega'!$E19:$H19,"🔄 Em andamento")>0,"Em andamento","Não iniciado")))))))) | L37: =IF($B37="","",IF($K37<>"Concluído","Não iniciado",IF(OR(COUNTIF('E08 — Estabilização Hypercare'!$E19:$J19,"⛔ Bloqueado")>0,'E08 — Estabilização Hypercare'!$N19="⛔ Incidente Crítico — Encerramento Bloqueado",AND('E08 — Estabilização Hypercare'!$N19="🆕 Evolução Identificada — Nova Demanda Aberta",'E08 — Estabilização Hypercare'!$U19="")),"Bloqueado",IF(AND('E08 — Estabilização Hypercare'!$E19="✔ Concluído",'E08 — Estabilização Hypercare'!$F19="✔ Concluído",'E08 — Estabilização Hypercare'!$G19="✔ Concluído",OR('E08 — Estabilização Hypercare'!$H19="✔ Concluído",'E08 — Estabilização Hypercare'!$H19="N/A"),'E08 — Estabilização Hypercare'!$I19="✔ Concluído",'E08 — Estabilização Hypercare'!$J19="✔ Concluído",OR('E08 — Estabilização Hypercare'!$N19="✅ Estável — Demanda Encerrada",AND('E08 — Estabilização Hypercare'!$N19="🆕 Evolução Identificada — Nova Demanda Aberta",'E08 — Estabilização Hypercare'!$U19<>""))),"Concluído",IF(OR(COUNTIF('E08 — Estabilização Hypercare'!$E19:$J19,"✔ Concluído")>0,COUNTIF('E08 — Estabilização Hypercare'!$E19:$J19,"🔄 Em andamento")>0,'E08 — Estabilização Hypercare'!$N19<>""),"Em andamento","Não iniciado"))))) | M37: {=IF(B37="","",_xlfn.IFS(E37<>"Concluído","E1 — Solicitação",F37<>"Concluído","E2 — Triagem",G37<>"Concluído","E3 — Levantamento ⚠",H37<>"Concluído","E4 — Execução",I37<>"Concluído","E5 — Validação ⚠",AND(J37<>"Concluído",J37<>"N/A"),"E6 — Ajustes",K37<>"Concluído","E7 — Entrega",L37<>"Concluído","E08 — Estabilização / Hypercare",TRUE,"✔ Fluxo concluído"))} | N37: =IF(B37="","",(COUNTIF(E37:L37,"Concluído")+COUNTIF(E37:L37,"N/A"))/8)
... B525: =IF(Lançamentos!$B502="","",Lançamentos!$B502) | C525: =IF($B525="","",Lançamentos!$J502) | D525: =IF($B525="","",Lançamentos!$H502) | E525: =IF($B525="","",IF(COUNTIF(Lançamentos!$B$3:$B$1001,$B525)=0,"Bloqueado",IF(COUNTIF('E1 — Solicitação'!$E507:$L507,"⛔ Bloqueado")>0,"Bloqueado",IF(COUNTIF('E1 — Solicitação'!$E507:$L507,"N/A")=8,"Bloqueado",IF(COUNTIF('E1 — Solicitação'!$E507:$L507,"✔ Concluído")+COUNTIF('E1 — Solicitação'!$E507:$L507,"N/A")=8,"Concluído",IF(COUNTIF('E1 — Solicitação'!$E507:$L507,"✔ Concluído")+COUNTIF('E1 — Solicitação'!$E507:$L507,"🔄 Em andamento")>0,"Em andamento","Não iniciado")))))) | F525: =IF($B525="","",IF($E525<>"Concluído","Não iniciado",IF(COUNTIF(Lançamentos!$B$3:$B$1001,$B525)=0,"Bloqueado",IF('E2 — Triagem'!$D507="","Bloqueado",IF(COUNTIF('E2 — Triagem'!$E507:$L507,"N/A")=8,"Bloqueado",IF(COUNTIF('E2 — Triagem'!$E507:$L507,"⛔ Bloqueado")>0,"Bloqueado",IF(COUNTIF('E2 — Triagem'!$E507:$L507,"✔ Concluído")+COUNTIF('E2 — Triagem'!$E507:$L507,"N/A")=8,"Concluído",IF(COUNTIF('E2 — Triagem'!$E507:$L507,"✔ Concluído")+COUNTIF('E2 — Triagem'!$E507:$L507,"🔄 Em andamento")>0,"Em andamento","Não iniciado")))))))) | G525: =IF($B525="","",IF($F525<>"Concluído","Não iniciado",IF(COUNTIF(Lançamentos!$B$3:$B$1001,$B525)=0,"Bloqueado",IF('E3 — Levantamento'!$D507="","Bloqueado",IF(COUNTIF('E3 — Levantamento'!$E507:$I507,"⛔ Bloqueado")>0,"Bloqueado",IF('E3 — Levantamento'!$I507="N/A","Bloqueado",IF(COUNTIF('E3 — Levantamento'!$E507:$I507,"✔ Concluído")=5,"Concluído",IF(COUNTIF('E3 — Levantamento'!$E507:$I507,"✔ Concluído")+COUNTIF('E3 — Levantamento'!$E507:$I507,"🔄 Em andamento")>0,"Em andamento","Não iniciado")))))))) | H525: =IF($B525="","",IF($G525<>"Concluído","Não iniciado",IF(COUNTIF(Lançamentos!$B$3:$B$1001,$B525)=0,"Bloqueado",IF('E4 — Execução'!$D507="","Bloqueado",IF(COUNTIF('E4 — Execução'!$E507:$K507,"⛔ Bloqueado")>0,"Bloqueado",IF(COUNTIF('E4 — Execução'!$E507:$K507,"✔ Concluído")=7,"Concluído",IF(COUNTIF('E4 — Execução'!$E507:$K507,"✔ Concluído")+COUNTIF('E4 — Execução'!$E507:$K507,"🔄 Em andamento")>0,"Em andamento","Não iniciado"))))))) | I525: =IF($B525="","",IF($H525<>"Concluído","Não iniciado",IF(COUNTIF(Lançamentos!$B$3:$B$1001,$B525)=0,"Bloqueado",IF('E5 — Validação'!$D507="","Bloqueado",IF(COUNTIF('E5 — Validação'!$E507:$I507,"⛔ Bloqueado")>0,"Bloqueado",IF('E5 — Validação'!$I507="N/A","Bloqueado",IF(AND('E5 — Validação'!$E507="✔ Concluído",'E5 — Validação'!$F507="✔ Concluído",OR('E5 — Validação'!$G507="✔ Concluído",'E5 — Validação'!$G507="N/A"),'E5 — Validação'!$H507="✔ Concluído",'E5 — Validação'!$I507="✔ Concluído"),"Concluído",IF(COUNTIF('E5 — Validação'!$E507:$I507,"✔ Concluído")+COUNTIF('E5 — Validação'!$E507:$I507,"🔄 Em andamento")>0,"Em andamento","Não iniciado")))))))) | J525: =IF($B525="","",IF($I525<>"Concluído","Não iniciado",IF('E6 — Ajustes'!$N507="Não","N/A",IF(COUNTIF(Lançamentos!$B$3:$B$1001,$B525)=0,"Bloqueado",IF('E6 — Ajustes'!$D507="","Bloqueado",IF(COUNTIF('E6 — Ajustes'!$E507:$J507,"⛔ Bloqueado")>0,"Bloqueado",IF(AND('E6 — Ajustes'!$E507="✔ Concluído",'E6 — Ajustes'!$F507="✔ Concluído",'E6 — Ajustes'!$G507="✔ Concluído",'E6 — Ajustes'!$H507="✔ Concluído",OR('E6 — Ajustes'!$I507="✔ Concluído",'E6 — Ajustes'!$I507="N/A"),'E6 — Ajustes'!$J507="✔ Concluído"),"Concluído",IF(COUNTIF('E6 — Ajustes'!$E507:$J507,"✔ Concluído")+COUNTIF('E6 — Ajustes'!$E507:$J507,"🔄 Em andamento")>0,"Em andamento","Não iniciado")))))))) | K525: =IF($B525="","",IF($I525<>"Concluído","Não iniciado",IF(AND($J525<>"Concluído",$J525<>"N/A"),"Não iniciado",IF(COUNTIF(Lançamentos!$B$3:$B$1001,$B525)=0,"Bloqueado",IF('E7 — Entrega'!$D507="","Bloqueado",IF(COUNTIF('E7 — Entrega'!$E507:$H507,"⛔ Bloqueado")>0,"Bloqueado",IF(COUNTIF('E7 — Entrega'!$E507:$H507,"✔ Concluído")=4,"Concluído",IF(COUNTIF('E7 — Entrega'!$E507:$H507,"✔ Concluído")+COUNTIF('E7 — Entrega'!$E507:$H507,"🔄 Em andamento")>0,"Em andamento","Não iniciado")))))))) | L525: =IF($B525="","",IF($K525<>"Concluído","Não iniciado",IF(OR(COUNTIF('E08 — Estabilização Hypercare'!$E507:$J507,"⛔ Bloqueado")>0,'E08 — Estabilização Hypercare'!$N507="⛔ Incidente Crítico — Encerramento Bloqueado",AND('E08 — Estabilização Hypercare'!$N507="🆕 Evolução Identificada — Nova Demanda Aberta",'E08 — Estabilização Hypercare'!$U507="")),"Bloqueado",IF(AND('E08 — Estabilização Hypercare'!$E507="✔ Concluído",'E08 — Estabilização Hypercare'!$F507="✔ Concluído",'E08 — Estabilização Hypercare'!$G507="✔ Concluído",OR('E08 — Estabilização Hypercare'!$H507="✔ Concluído",'E08 — Estabilização Hypercare'!$H507="N/A"),'E08 — Estabilização Hypercare'!$I507="✔ Concluído",'E08 — Estabilização Hypercare'!$J507="✔ Concluído",OR('E08 — Estabilização Hypercare'!$N507="✅ Estável — Demanda Encerrada",AND('E08 — Estabilização Hypercare'!$N507="🆕 Evolução Identificada — Nova Demanda Aberta",'E08 — Estabilização Hypercare'!$U507<>""))),"Concluído",IF(OR(COUNTIF('E08 — Estabilização Hypercare'!$E507:$J507,"✔ Concluído")>0,COUNTIF('E08 — Estabilização Hypercare'!$E507:$J507,"🔄 Em andamento")>0,'E08 — Estabilização Hypercare'!$N507<>""),"Em andamento","Não iniciado"))))) | M525: {=IF(B525="","",_xlfn.IFS(E525<>"Concluído","E1 — Solicitação",F525<>"Concluído","E2 — Triagem",G525<>"Concluído","E3 — Levantamento ⚠",H525<>"Concluído","E4 — Execução",I525<>"Concluído","E5 — Validação ⚠",AND(J525<>"Concluído",J525<>"N/A"),"E6 — Ajustes",K525<>"Concluído","E7 — Entrega",L525<>"Concluído","E08 — Estabilização / Hypercare",TRUE,"✔ Fluxo concluído"))} | N525: =IF(B525="","",(COUNTIF(E525:L525,"Concluído")+COUNTIF(E525:L525,"N/A"))/8)

Sheet E1 — Solicitação
B2: ETAPA 01 — SOLICITAÇÃO RECEBIDA
B3: Responsável: CSC / Processos Integrados · Função: validar os requisitos mínimos de entrada sem duplicar o formulário ou a Base Mestre
B4: OBJETIVO: Confirmar que a demanda foi recebida, identificada, descrita, registrada na aba Lançamentos, validada e comunicada ao solicitante antes da triagem.
B5: Status permitidos: ⏳ Pendente · 🔄 Em andamento · ✔ Concluído · ⛔ Bloqueado · N/A. O percentual considera somente critérios aplicáveis; N/A exige justificativa em Evidência / Referência ou Observação.
B7: ID Único | C7: Atividade | D7: Pilar Proc. Integrados | E7: 1. Necessidade Descrita | F7: 2. Origem Registrada | G7: 3. Identificação Completa | H7: 4. Cenário e Resultado Esperado | I7: 5. Impacto Informado | J7: 6. Evidências Verificadas | K7: 7. Demanda Registrada | L7: 8. Recebimento Confirmado | M7: % da Etapa | N7: Evidência / Referência | O7: Observação
B8: =IF(Lançamentos!$B3="","",Lançamentos!$B3) | C8: =IF($B8="","",Lançamentos!$J3) | D8: =IF($B8="","",Lançamentos!$H3) | M8: =IF(B8="","",IF(COUNTIF(E8:L8,"N/A")=8,0,COUNTIF(E8:L8,"✔ Concluído")/(8-COUNTIF(E8:L8,"N/A"))))
B9: =IF(Lançamentos!$B4="","",Lançamentos!$B4) | C9: =IF($B9="","",Lançamentos!$J4) | D9: =IF($B9="","",Lançamentos!$H4) | M9: =IF(B9="","",IF(COUNTIF(E9:L9,"N/A")=8,0,COUNTIF(E9:L9,"✔ Concluído")/(8-COUNTIF(E9:L9,"N/A"))))
B10: =IF(Lançamentos!$B5="","",Lançamentos!$B5) | C10: =IF($B10="","",Lançamentos!$J5) | D10: =IF($B10="","",Lançamentos!$H5) | M10: =IF(B10="","",IF(COUNTIF(E10:L10,"N/A")=8,0,COUNTIF(E10:L10,"✔ Concluído")/(8-COUNTIF(E10:L10,"N/A"))))
B11: =IF(Lançamentos!$B6="","",Lançamentos!$B6) | C11: =IF($B11="","",Lançamentos!$J6) | D11: =IF($B11="","",Lançamentos!$H6) | M11: =IF(B11="","",IF(COUNTIF(E11:L11,"N/A")=8,0,COUNTIF(E11:L11,"✔ Concluído")/(8-COUNTIF(E11:L11,"N/A"))))
B12: =IF(Lançamentos!$B7="","",Lançamentos!$B7) | C12: =IF($B12="","",Lançamentos!$J7) | D12: =IF($B12="","",Lançamentos!$H7) | M12: =IF(B12="","",IF(COUNTIF(E12:L12,"N/A")=8,0,COUNTIF(E12:L12,"✔ Concluído")/(8-COUNTIF(E12:L12,"N/A"))))
B13: =IF(Lançamentos!$B8="","",Lançamentos!$B8) | C13: =IF($B13="","",Lançamentos!$J8) | D13: =IF($B13="","",Lançamentos!$H8) | M13: =IF(B13="","",IF(COUNTIF(E13:L13,"N/A")=8,0,COUNTIF(E13:L13,"✔ Concluído")/(8-COUNTIF(E13:L13,"N/A"))))
B14: =IF(Lançamentos!$B9="","",Lançamentos!$B9) | C14: =IF($B14="","",Lançamentos!$J9) | D14: =IF($B14="","",Lançamentos!$H9) | M14: =IF(B14="","",IF(COUNTIF(E14:L14,"N/A")=8,0,COUNTIF(E14:L14,"✔ Concluído")/(8-COUNTIF(E14:L14,"N/A"))))
B15: =IF(Lançamentos!$B10="","",Lançamentos!$B10) | C15: =IF($B15="","",Lançamentos!$J10) | D15: =IF($B15="","",Lançamentos!$H10) | M15: =IF(B15="","",IF(COUNTIF(E15:L15,"N/A")=8,0,COUNTIF(E15:L15,"✔ Concluído")/(8-COUNTIF(E15:L15,"N/A"))))
B16: =IF(Lançamentos!$B11="","",Lançamentos!$B11) | C16: =IF($B16="","",Lançamentos!$J11) | D16: =IF($B16="","",Lançamentos!$H11) | M16: =IF(B16="","",IF(COUNTIF(E16:L16,"N/A")=8,0,COUNTIF(E16:L16,"✔ Concluído")/(8-COUNTIF(E16:L16,"N/A"))))
B17: =IF(Lançamentos!$B12="","",Lançamentos!$B12) | C17: =IF($B17="","",Lançamentos!$J12) | D17: =IF($B17="","",Lançamentos!$H12) | M17: =IF(B17="","",IF(COUNTIF(E17:L17,"N/A")=8,0,COUNTIF(E17:L17,"✔ Concluído")/(8-COUNTIF(E17:L17,"N/A"))))
B18: =IF(Lançamentos!$B13="","",Lançamentos!$B13) | C18: =IF($B18="","",Lançamentos!$J13) | D18: =IF($B18="","",Lançamentos!$H13) | M18: =IF(B18="","",IF(COUNTIF(E18:L18,"N/A")=8,0,COUNTIF(E18:L18,"✔ Concluído")/(8-COUNTIF(E18:L18,"N/A"))))
B19: =IF(Lançamentos!$B14="","",Lançamentos!$B14) | C19: =IF($B19="","",Lançamentos!$J14) | D19: =IF($B19="","",Lançamentos!$H14) | M19: =IF(B19="","",IF(COUNTIF(E19:L19,"N/A")=8,0,COUNTIF(E19:L19,"✔ Concluído")/(8-COUNTIF(E19:L19,"N/A"))))
... B507: =IF(Lançamentos!$B502="","",Lançamentos!$B502) | C507: =IF($B507="","",Lançamentos!$J502) | D507: =IF($B507="","",Lançamentos!$H502) | M507: =IF(B507="","",IF(COUNTIF(E507:L507,"N/A")=8,0,COUNTIF(E507:L507,"✔ Concluído")/(8-COUNTIF(E507:L507,"N/A"))))

Sheet E2 — Triagem
B2: ETAPA 02 — TRIAGEM E CLASSIFICAÇÃO
B3: Responsável: CSC / Processos Integrados · Função: analisar, classificar e direcionar a demanda sem duplicar o formulário ou a Base Mestre
B4: OBJETIVO: Confirmar que a demanda foi corretamente analisada, classificada, atribuída e refletida no Workflow antes do avanço para a Etapa 03.
B5: Status permitidos: ⏳ Pendente · 🔄 Em andamento · ✔ Concluído · ⛔ Bloqueado · N/A. O percentual considera somente critérios aplicáveis; N/A exige justificativa em Evidência / Referência ou Observação.
B7: ID Único | C7: Atividade | D7: Pilar Proc. Integrados | E7: 1. Tipo da Demanda Definido | F7: 2. Área Solicitante Confirmada | G7: 3. Prioridade Definida | H7: 4. Responsável Atribuído | I7: 5. Complexidade Avaliada | J7: 6. Categoria Definida | K7: 7. Projeto Relacionado Vinculado | L7: 8. Controle Atualizado no Tracker | M7: % da Etapa | N7: Evidência / Referência | O7: Observação
B8: =IF(Lançamentos!$B3="","",Lançamentos!$B3) | C8: =IF($B8="","",IFERROR(INDEX(Lançamentos!$J$3:$J$1001,MATCH($B8,Lançamentos!$B$3:$B$1001,0)),"")) | M8: =IF(B8="","",IF(COUNTIF(E8:L8,"N/A")=8,0,COUNTIF(E8:L8,"✔ Concluído")/(8-COUNTIF(E8:L8,"N/A"))))
B9: =IF(Lançamentos!$B4="","",Lançamentos!$B4) | C9: =IF($B9="","",IFERROR(INDEX(Lançamentos!$J$3:$J$1001,MATCH($B9,Lançamentos!$B$3:$B$1001,0)),"")) | M9: =IF(B9="","",IF(COUNTIF(E9:L9,"N/A")=8,0,COUNTIF(E9:L9,"✔ Concluído")/(8-COUNTIF(E9:L9,"N/A"))))
B10: =IF(Lançamentos!$B5="","",Lançamentos!$B5) | C10: =IF($B10="","",IFERROR(INDEX(Lançamentos!$J$3:$J$1001,MATCH($B10,Lançamentos!$B$3:$B$1001,0)),"")) | M10: =IF(B10="","",IF(COUNTIF(E10:L10,"N/A")=8,0,COUNTIF(E10:L10,"✔ Concluído")/(8-COUNTIF(E10:L10,"N/A"))))
B11: =IF(Lançamentos!$B6="","",Lançamentos!$B6) | C11: =IF($B11="","",IFERROR(INDEX(Lançamentos!$J$3:$J$1001,MATCH($B11,Lançamentos!$B$3:$B$1001,0)),"")) | M11: =IF(B11="","",IF(COUNTIF(E11:L11,"N/A")=8,0,COUNTIF(E11:L11,"✔ Concluído")/(8-COUNTIF(E11:L11,"N/A"))))
B12: =IF(Lançamentos!$B7="","",Lançamentos!$B7) | C12: =IF($B12="","",IFERROR(INDEX(Lançamentos!$J$3:$J$1001,MATCH($B12,Lançamentos!$B$3:$B$1001,0)),"")) | M12: =IF(B12="","",IF(COUNTIF(E12:L12,"N/A")=8,0,COUNTIF(E12:L12,"✔ Concluído")/(8-COUNTIF(E12:L12,"N/A"))))
B13: =IF(Lançamentos!$B8="","",Lançamentos!$B8) | C13: =IF($B13="","",IFERROR(INDEX(Lançamentos!$J$3:$J$1001,MATCH($B13,Lançamentos!$B$3:$B$1001,0)),"")) | M13: =IF(B13="","",IF(COUNTIF(E13:L13,"N/A")=8,0,COUNTIF(E13:L13,"✔ Concluído")/(8-COUNTIF(E13:L13,"N/A"))))
B14: =IF(Lançamentos!$B9="","",Lançamentos!$B9) | C14: =IF($B14="","",IFERROR(INDEX(Lançamentos!$J$3:$J$1001,MATCH($B14,Lançamentos!$B$3:$B$1001,0)),"")) | M14: =IF(B14="","",IF(COUNTIF(E14:L14,"N/A")=8,0,COUNTIF(E14:L14,"✔ Concluído")/(8-COUNTIF(E14:L14,"N/A"))))
B15: =IF(Lançamentos!$B10="","",Lançamentos!$B10) | C15: =IF($B15="","",IFERROR(INDEX(Lançamentos!$J$3:$J$1001,MATCH($B15,Lançamentos!$B$3:$B$1001,0)),"")) | M15: =IF(B15="","",IF(COUNTIF(E15:L15,"N/A")=8,0,COUNTIF(E15:L15,"✔ Concluído")/(8-COUNTIF(E15:L15,"N/A"))))
B16: =IF(Lançamentos!$B11="","",Lançamentos!$B11) | C16: =IF($B16="","",IFERROR(INDEX(Lançamentos!$J$3:$J$1001,MATCH($B16,Lançamentos!$B$3:$B$1001,0)),"")) | M16: =IF(B16="","",IF(COUNTIF(E16:L16,"N/A")=8,0,COUNTIF(E16:L16,"✔ Concluído")/(8-COUNTIF(E16:L16,"N/A"))))
B17: =IF(Lançamentos!$B12="","",Lançamentos!$B12) | C17: =IF($B17="","",IFERROR(INDEX(Lançamentos!$J$3:$J$1001,MATCH($B17,Lançamentos!$B$3:$B$1001,0)),"")) | M17: =IF(B17="","",IF(COUNTIF(E17:L17,"N/A")=8,0,COUNTIF(E17:L17,"✔ Concluído")/(8-COUNTIF(E17:L17,"N/A"))))
B18: =IF(Lançamentos!$B13="","",Lançamentos!$B13) | C18: =IF($B18="","",IFERROR(INDEX(Lançamentos!$J$3:$J$1001,MATCH($B18,Lançamentos!$B$3:$B$1001,0)),"")) | M18: =IF(B18="","",IF(COUNTIF(E18:L18,"N/A")=8,0,COUNTIF(E18:L18,"✔ Concluído")/(8-COUNTIF(E18:L18,"N/A"))))
B19: =IF(Lançamentos!$B14="","",Lançamentos!$B14) | C19: =IF($B19="","",IFERROR(INDEX(Lançamentos!$J$3:$J$1001,MATCH($B19,Lançamentos!$B$3:$B$1001,0)),"")) | M19: =IF(B19="","",IF(COUNTIF(E19:L19,"N/A")=8,0,COUNTIF(E19:L19,"✔ Concluído")/(8-COUNTIF(E19:L19,"N/A"))))
... B507: =IF(Lançamentos!$B502="","",Lançamentos!$B502) | C507: =IF($B507="","",IFERROR(INDEX(Lançamentos!$J$3:$J$1001,MATCH($B507,Lançamentos!$B$3:$B$1001,0)),"")) | M507: =IF(B507="","",IF(COUNTIF(E507:L507,"N/A")=8,0,COUNTIF(E507:L507,"✔ Concluído")/(8-COUNTIF(E507:L507,"N/A"))))

Sheet E3 — Levantamento
B2: ETAPA 03 — LEVANTAMENTO E ALINHAMENTO · GATE OBRIGATÓRIO
B3: Responsável: CSC / Processos Integrados + Usuário-chave · Função: estruturar requisitos, escopo, riscos e critérios de aceite antes da execução
B4: OBJETIVO: Confirmar que a demanda possui requisitos, escopo, riscos, dependências, critérios de aceite e aprovação formal suficientes para iniciar a Etapa 04.
B5: Status permitidos: ⏳ Pendente · 🔄 Em andamento · ✔ Concluído · ⛔ Bloqueado · N/A. O GATE não aceita N/A e a etapa somente conclui com os cinco critérios concluídos e evidência formal.
B7: ID Único | C7: Atividade | D7: Pilar Proc. Integrados | E7: 1. Requisitos Levantados | F7: 2. Escopo Definido | G7: 3. Riscos e Dependências Mapeados | H7: 4. Critérios de Aceite Definidos | I7: 5. Escopo Validado (GATE) | J7: % da Etapa | K7: Evidência / Referência | L7: Observação
B8: =IF(Lançamentos!$B3="","",Lançamentos!$B3) | C8: =IF($B8="","",IFERROR(INDEX(Lançamentos!$J$3:$J$1001,MATCH($B8,Lançamentos!$B$3:$B$1001,0)),"")) | D8: =IF($B8="","",IFERROR(INDEX('E2 — Triagem'!$D$8:$D$507,MATCH($B8,'E2 — Triagem'!$B$8:$B$507,0)),"")) | J8: =IF(B8="","",IF(COUNTIF(E8:I8,"N/A")=5,0,IF(COUNTIF(E8:I8,"✔ Concluído")=5,1,MIN(99%,COUNTIF(E8:I8,"✔ Concluído")/(5-COUNTIF(E8:I8,"N/A"))))))
B9: =IF(Lançamentos!$B4="","",Lançamentos!$B4) | C9: =IF($B9="","",IFERROR(INDEX(Lançamentos!$J$3:$J$1001,MATCH($B9,Lançamentos!$B$3:$B$1001,0)),"")) | D9: =IF($B9="","",IFERROR(INDEX('E2 — Triagem'!$D$8:$D$507,MATCH($B9,'E2 — Triagem'!$B$8:$B$507,0)),"")) | J9: =IF(B9="","",IF(COUNTIF(E9:I9,"N/A")=5,0,IF(COUNTIF(E9:I9,"✔ Concluído")=5,1,MIN(99%,COUNTIF(E9:I9,"✔ Concluído")/(5-COUNTIF(E9:I9,"N/A"))))))
B10: =IF(Lançamentos!$B5="","",Lançamentos!$B5) | C10: =IF($B10="","",IFERROR(INDEX(Lançamentos!$J$3:$J$1001,MATCH($B10,Lançamentos!$B$3:$B$1001,0)),"")) | D10: =IF($B10="","",IFERROR(INDEX('E2 — Triagem'!$D$8:$D$507,MATCH($B10,'E2 — Triagem'!$B$8:$B$507,0)),"")) | J10: =IF(B10="","",IF(COUNTIF(E10:I10,"N/A")=5,0,IF(COUNTIF(E10:I10,"✔ Concluído")=5,1,MIN(99%,COUNTIF(E10:I10,"✔ Concluído")/(5-COUNTIF(E10:I10,"N/A"))))))
B11: =IF(Lançamentos!$B6="","",Lançamentos!$B6) | C11: =IF($B11="","",IFERROR(INDEX(Lançamentos!$J$3:$J$1001,MATCH($B11,Lançamentos!$B$3:$B$1001,0)),"")) | D11: =IF($B11="","",IFERROR(INDEX('E2 — Triagem'!$D$8:$D$507,MATCH($B11,'E2 — Triagem'!$B$8:$B$507,0)),"")) | J11: =IF(B11="","",IF(COUNTIF(E11:I11,"N/A")=5,0,IF(COUNTIF(E11:I11,"✔ Concluído")=5,1,MIN(99%,COUNTIF(E11:I11,"✔ Concluído")/(5-COUNTIF(E11:I11,"N/A"))))))
B12: =IF(Lançamentos!$B7="","",Lançamentos!$B7) | C12: =IF($B12="","",IFERROR(INDEX(Lançamentos!$J$3:$J$1001,MATCH($B12,Lançamentos!$B$3:$B$1001,0)),"")) | D12: =IF($B12="","",IFERROR(INDEX('E2 — Triagem'!$D$8:$D$507,MATCH($B12,'E2 — Triagem'!$B$8:$B$507,0)),"")) | J12: =IF(B12="","",IF(COUNTIF(E12:I12,"N/A")=5,0,IF(COUNTIF(E12:I12,"✔ Concluído")=5,1,MIN(99%,COUNTIF(E12:I12,"✔ Concluído")/(5-COUNTIF(E12:I12,"N/A"))))))
B13: =IF(Lançamentos!$B8="","",Lançamentos!$B8) | C13: =IF($B13="","",IFERROR(INDEX(Lançamentos!$J$3:$J$1001,MATCH($B13,Lançamentos!$B$3:$B$1001,0)),"")) | D13: =IF($B13="","",IFERROR(INDEX('E2 — Triagem'!$D$8:$D$507,MATCH($B13,'E2 — Triagem'!$B$8:$B$507,0)),"")) | J13: =IF(B13="","",IF(COUNTIF(E13:I13,"N/A")=5,0,IF(COUNTIF(E13:I13,"✔ Concluído")=5,1,MIN(99%,COUNTIF(E13:I13,"✔ Concluído")/(5-COUNTIF(E13:I13,"N/A"))))))
B14: =IF(Lançamentos!$B9="","",Lançamentos!$B9) | C14: =IF($B14="","",IFERROR(INDEX(Lançamentos!$J$3:$J$1001,MATCH($B14,Lançamentos!$B$3:$B$1001,0)),"")) | D14: =IF($B14="","",IFERROR(INDEX('E2 — Triagem'!$D$8:$D$507,MATCH($B14,'E2 — Triagem'!$B$8:$B$507,0)),"")) | J14: =IF(B14="","",IF(COUNTIF(E14:I14,"N/A")=5,0,IF(COUNTIF(E14:I14,"✔ Concluído")=5,1,MIN(99%,COUNTIF(E14:I14,"✔ Concluído")/(5-COUNTIF(E14:I14,"N/A"))))))
B15: =IF(Lançamentos!$B10="","",Lançamentos!$B10) | C15: =IF($B15="","",IFERROR(INDEX(Lançamentos!$J$3:$J$1001,MATCH($B15,Lançamentos!$B$3:$B$1001,0)),"")) | D15: =IF($B15="","",IFERROR(INDEX('E2 — Triagem'!$D$8:$D$507,MATCH($B15,'E2 — Triagem'!$B$8:$B$507,0)),"")) | J15: =IF(B15="","",IF(COUNTIF(E15:I15,"N/A")=5,0,IF(COUNTIF(E15:I15,"✔ Concluído")=5,1,MIN(99%,COUNTIF(E15:I15,"✔ Concluído")/(5-COUNTIF(E15:I15,"N/A"))))))
B16: =IF(Lançamentos!$B11="","",Lançamentos!$B11) | C16: =IF($B16="","",IFERROR(INDEX(Lançamentos!$J$3:$J$1001,MATCH($B16,Lançamentos!$B$3:$B$1001,0)),"")) | D16: =IF($B16="","",IFERROR(INDEX('E2 — Triagem'!$D$8:$D$507,MATCH($B16,'E2 — Triagem'!$B$8:$B$507,0)),"")) | J16: =IF(B16="","",IF(COUNTIF(E16:I16,"N/A")=5,0,IF(COUNTIF(E16:I16,"✔ Concluído")=5,1,MIN(99%,COUNTIF(E16:I16,"✔ Concluído")/(5-COUNTIF(E16:I16,"N/A"))))))
B17: =IF(Lançamentos!$B12="","",Lançamentos!$B12) | C17: =IF($B17="","",IFERROR(INDEX(Lançamentos!$J$3:$J$1001,MATCH($B17,Lançamentos!$B$3:$B$1001,0)),"")) | D17: =IF($B17="","",IFERROR(INDEX('E2 — Triagem'!$D$8:$D$507,MATCH($B17,'E2 — Triagem'!$B$8:$B$507,0)),"")) | J17: =IF(B17="","",IF(COUNTIF(E17:I17,"N/A")=5,0,IF(COUNTIF(E17:I17,"✔ Concluído")=5,1,MIN(99%,COUNTIF(E17:I17,"✔ Concluído")/(5-COUNTIF(E17:I17,"N/A"))))))
B18: =IF(Lançamentos!$B13="","",Lançamentos!$B13) | C18: =IF($B18="","",IFERROR(INDEX(Lançamentos!$J$3:$J$1001,MATCH($B18,Lançamentos!$B$3:$B$1001,0)),"")) | D18: =IF($B18="","",IFERROR(INDEX('E2 — Triagem'!$D$8:$D$507,MATCH($B18,'E2 — Triagem'!$B$8:$B$507,0)),"")) | J18: =IF(B18="","",IF(COUNTIF(E18:I18,"N/A")=5,0,IF(COUNTIF(E18:I18,"✔ Concluído")=5,1,MIN(99%,COUNTIF(E18:I18,"✔ Concluído")/(5-COUNTIF(E18:I18,"N/A"))))))
B19: =IF(Lançamentos!$B14="","",Lançamentos!$B14) | C19: =IF($B19="","",IFERROR(INDEX(Lançamentos!$J$3:$J$1001,MATCH($B19,Lançamentos!$B$3:$B$1001,0)),"")) | D19: =IF($B19="","",IFERROR(INDEX('E2 — Triagem'!$D$8:$D$507,MATCH($B19,'E2 — Triagem'!$B$8:$B$507,0)),"")) | J19: =IF(B19="","",IF(COUNTIF(E19:I19,"N/A")=5,0,IF(COUNTIF(E19:I19,"✔ Concluído")=5,1,MIN(99%,COUNTIF(E19:I19,"✔ Concluído")/(5-COUNTIF(E19:I19,"N/A"))))))
... B507: =IF(Lançamentos!$B502="","",Lançamentos!$B502) | C507: =IF($B507="","",IFERROR(INDEX(Lançamentos!$J$3:$J$1001,MATCH($B507,Lançamentos!$B$3:$B$1001,0)),"")) | D507: =IF($B507="","",IFERROR(INDEX('E2 — Triagem'!$D$8:$D$507,MATCH($B507,'E2 — Triagem'!$B$8:$B$507,0)),"")) | J507: =IF(B507="","",IF(COUNTIF(E507:I507,"N/A")=5,0,IF(COUNTIF(E507:I507,"✔ Concluído")=5,1,MIN(99%,COUNTIF(E507:I507,"✔ Concluído")/(5-COUNTIF(E507:I507,"N/A"))))))

Sheet E4 — Execução
B2: ETAPA 04 — DESENVOLVIMENTO E EXECUÇÃO · GOVERNANÇA DA EXECUÇÃO
B3: Responsável: CSC / Processos Integrados · Função: controlar a execução conforme o escopo aprovado, sem criar checklist técnico
B4: OBJETIVO: Confirmar que a execução foi planejada, realizada, acompanhada, documentada, revisada e preparada para a Etapa 05 — Validação e Homologação.
B5: Status permitidos: ⏳ Pendente · 🔄 Em andamento · ✔ Concluído · ⛔ Bloqueado · N/A. A E4 somente libera a E5 quando os sete critérios estiverem concluídos e houver evidência da execução.
B7: ID Único | C7: Atividade | D7: Pilar Proc. Integrados | E7: 1. Execução Planejada | F7: 2. Execução Realizada | G7: 3. Evolução Registrada | H7: 4. Progresso Acompanhado | I7: 5. Qualidade Verificada | J7: 6. Entrega Preparada para Validação | K7: 7. Controle Atualizado no Tracker | L7: % da Etapa | M7: Evidência / Referência | N7: Observação
B8: =IF(Lançamentos!$B3="","",Lançamentos!$B3) | C8: =IF($B8="","",IFERROR(INDEX(Lançamentos!$J$3:$J$1001,MATCH($B8,Lançamentos!$B$3:$B$1001,0)),"")) | D8: =IF($B8="","",IFERROR(INDEX('E2 — Triagem'!$D$8:$D$507,MATCH($B8,'E2 — Triagem'!$B$8:$B$507,0)),"")) | L8: =IF(B8="","",IF(COUNTIF(E8:K8,"N/A")=7,0,IF(COUNTIF(E8:K8,"✔ Concluído")=7,1,MIN(99%,COUNTIF(E8:K8,"✔ Concluído")/(7-COUNTIF(E8:K8,"N/A"))))))
B9: =IF(Lançamentos!$B4="","",Lançamentos!$B4) | C9: =IF($B9="","",IFERROR(INDEX(Lançamentos!$J$3:$J$1001,MATCH($B9,Lançamentos!$B$3:$B$1001,0)),"")) | D9: =IF($B9="","",IFERROR(INDEX('E2 — Triagem'!$D$8:$D$507,MATCH($B9,'E2 — Triagem'!$B$8:$B$507,0)),"")) | L9: =IF(B9="","",IF(COUNTIF(E9:K9,"N/A")=7,0,IF(COUNTIF(E9:K9,"✔ Concluído")=7,1,MIN(99%,COUNTIF(E9:K9,"✔ Concluído")/(7-COUNTIF(E9:K9,"N/A"))))))
B10: =IF(Lançamentos!$B5="","",Lançamentos!$B5) | C10: =IF($B10="","",IFERROR(INDEX(Lançamentos!$J$3:$J$1001,MATCH($B10,Lançamentos!$B$3:$B$1001,0)),"")) | D10: =IF($B10="","",IFERROR(INDEX('E2 — Triagem'!$D$8:$D$507,MATCH($B10,'E2 — Triagem'!$B$8:$B$507,0)),"")) | L10: =IF(B10="","",IF(COUNTIF(E10:K10,"N/A")=7,0,IF(COUNTIF(E10:K10,"✔ Concluído")=7,1,MIN(99%,COUNTIF(E10:K10,"✔ Concluído")/(7-COUNTIF(E10:K10,"N/A"))))))
B11: =IF(Lançamentos!$B6="","",Lançamentos!$B6) | C11: =IF($B11="","",IFERROR(INDEX(Lançamentos!$J$3:$J$1001,MATCH($B11,Lançamentos!$B$3:$B$1001,0)),"")) | D11: =IF($B11="","",IFERROR(INDEX('E2 — Triagem'!$D$8:$D$507,MATCH($B11,'E2 — Triagem'!$B$8:$B$507,0)),"")) | L11: =IF(B11="","",IF(COUNTIF(E11:K11,"N/A")=7,0,IF(COUNTIF(E11:K11,"✔ Concluído")=7,1,MIN(99%,COUNTIF(E11:K11,"✔ Concluído")/(7-COUNTIF(E11:K11,"N/A"))))))
B12: =IF(Lançamentos!$B7="","",Lançamentos!$B7) | C12: =IF($B12="","",IFERROR(INDEX(Lançamentos!$J$3:$J$1001,MATCH($B12,Lançamentos!$B$3:$B$1001,0)),"")) | D12: =IF($B12="","",IFERROR(INDEX('E2 — Triagem'!$D$8:$D$507,MATCH($B12,'E2 — Triagem'!$B$8:$B$507,0)),"")) | L12: =IF(B12="","",IF(COUNTIF(E12:K12,"N/A")=7,0,IF(COUNTIF(E12:K12,"✔ Concluído")=7,1,MIN(99%,COUNTIF(E12:K12,"✔ Concluído")/(7-COUNTIF(E12:K12,"N/A"))))))
B13: =IF(Lançamentos!$B8="","",Lançamentos!$B8) | C13: =IF($B13="","",IFERROR(INDEX(Lançamentos!$J$3:$J$1001,MATCH($B13,Lançamentos!$B$3:$B$1001,0)),"")) | D13: =IF($B13="","",IFERROR(INDEX('E2 — Triagem'!$D$8:$D$507,MATCH($B13,'E2 — Triagem'!$B$8:$B$507,0)),"")) | L13: =IF(B13="","",IF(COUNTIF(E13:K13,"N/A")=7,0,IF(COUNTIF(E13:K13,"✔ Concluído")=7,1,MIN(99%,COUNTIF(E13:K13,"✔ Concluído")/(7-COUNTIF(E13:K13,"N/A"))))))
B14: =IF(Lançamentos!$B9="","",Lançamentos!$B9) | C14: =IF($B14="","",IFERROR(INDEX(Lançamentos!$J$3:$J$1001,MATCH($B14,Lançamentos!$B$3:$B$1001,0)),"")) | D14: =IF($B14="","",IFERROR(INDEX('E2 — Triagem'!$D$8:$D$507,MATCH($B14,'E2 — Triagem'!$B$8:$B$507,0)),"")) | L14: =IF(B14="","",IF(COUNTIF(E14:K14,"N/A")=7,0,IF(COUNTIF(E14:K14,"✔ Concluído")=7,1,MIN(99%,COUNTIF(E14:K14,"✔ Concluído")/(7-COUNTIF(E14:K14,"N/A"))))))
B15: =IF(Lançamentos!$B10="","",Lançamentos!$B10) | C15: =IF($B15="","",IFERROR(INDEX(Lançamentos!$J$3:$J$1001,MATCH($B15,Lançamentos!$B$3:$B$1001,0)),"")) | D15: =IF($B15="","",IFERROR(INDEX('E2 — Triagem'!$D$8:$D$507,MATCH($B15,'E2 — Triagem'!$B$8:$B$507,0)),"")) | L15: =IF(B15="","",IF(COUNTIF(E15:K15,"N/A")=7,0,IF(COUNTIF(E15:K15,"✔ Concluído")=7,1,MIN(99%,COUNTIF(E15:K15,"✔ Concluído")/(7-COUNTIF(E15:K15,"N/A"))))))
B16: =IF(Lançamentos!$B11="","",Lançamentos!$B11) | C16: =IF($B16="","",IFERROR(INDEX(Lançamentos!$J$3:$J$1001,MATCH($B16,Lançamentos!$B$3:$B$1001,0)),"")) | D16: =IF($B16="","",IFERROR(INDEX('E2 — Triagem'!$D$8:$D$507,MATCH($B16,'E2 — Triagem'!$B$8:$B$507,0)),"")) | L16: =IF(B16="","",IF(COUNTIF(E16:K16,"N/A")=7,0,IF(COUNTIF(E16:K16,"✔ Concluído")=7,1,MIN(99%,COUNTIF(E16:K16,"✔ Concluído")/(7-COUNTIF(E16:K16,"N/A"))))))
B17: =IF(Lançamentos!$B12="","",Lançamentos!$B12) | C17: =IF($B17="","",IFERROR(INDEX(Lançamentos!$J$3:$J$1001,MATCH($B17,Lançamentos!$B$3:$B$1001,0)),"")) | D17: =IF($B17="","",IFERROR(INDEX('E2 — Triagem'!$D$8:$D$507,MATCH($B17,'E2 — Triagem'!$B$8:$B$507,0)),"")) | L17: =IF(B17="","",IF(COUNTIF(E17:K17,"N/A")=7,0,IF(COUNTIF(E17:K17,"✔ Concluído")=7,1,MIN(99%,COUNTIF(E17:K17,"✔ Concluído")/(7-COUNTIF(E17:K17,"N/A"))))))
B18: =IF(Lançamentos!$B13="","",Lançamentos!$B13) | C18: =IF($B18="","",IFERROR(INDEX(Lançamentos!$J$3:$J$1001,MATCH($B18,Lançamentos!$B$3:$B$1001,0)),"")) | D18: =IF($B18="","",IFERROR(INDEX('E2 — Triagem'!$D$8:$D$507,MATCH($B18,'E2 — Triagem'!$B$8:$B$507,0)),"")) | L18: =IF(B18="","",IF(COUNTIF(E18:K18,"N/A")=7,0,IF(COUNTIF(E18:K18,"✔ Concluído")=7,1,MIN(99%,COUNTIF(E18:K18,"✔ Concluído")/(7-COUNTIF(E18:K18,"N/A"))))))
B19: =IF(Lançamentos!$B14="","",Lançamentos!$B14) | C19: =IF($B19="","",IFERROR(INDEX(Lançamentos!$J$3:$J$1001,MATCH($B19,Lançamentos!$B$3:$B$1001,0)),"")) | D19: =IF($B19="","",IFERROR(INDEX('E2 — Triagem'!$D$8:$D$507,MATCH($B19,'E2 — Triagem'!$B$8:$B$507,0)),"")) | L19: =IF(B19="","",IF(COUNTIF(E19:K19,"N/A")=7,0,IF(COUNTIF(E19:K19,"✔ Concluído")=7,1,MIN(99%,COUNTIF(E19:K19,"✔ Concluído")/(7-COUNTIF(E19:K19,"N/A"))))))
... B507: =IF(Lançamentos!$B502="","",Lançamentos!$B502) | C507: =IF($B507="","",IFERROR(INDEX(Lançamentos!$J$3:$J$1001,MATCH($B507,Lançamentos!$B$3:$B$1001,0)),"")) | D507: =IF($B507="","",IFERROR(INDEX('E2 — Triagem'!$D$8:$D$507,MATCH($B507,'E2 — Triagem'!$B$8:$B$507,0)),"")) | L507: =IF(B507="","",IF(COUNTIF(E507:K507,"N/A")=7,0,IF(COUNTIF(E507:K507,"✔ Concluído")=7,1,MIN(99%,COUNTIF(E507:K507,"✔ Concluído")/(7-COUNTIF(E507:K507,"N/A"))))))

Sheet E5 — Validação
B2: ETAPA 05 — VALIDAÇÃO E HOMOLOGAÇÃO
B3: Responsável: CSC / Processos Integrados + Usuário-chave · Função: validar a entrega contra o escopo e os critérios de aceite, formalizando o resultado da homologação
B4: OBJETIVO: Confirmar que a entrega foi submetida, validada, documentada e formalmente homologada antes do direcionamento para Ajustes ou Implantação.
B5: Status permitidos: ⏳ Pendente · 🔄 Em andamento · ✔ Concluído · ⛔ Bloqueado · N/A. O GATE não aceita N/A; aprovação da gestão aceita N/A com justificativa. O resultado define o avanço para E6 ou E7.
B7: ID Único | C7: Atividade | D7: Pilar Proc. Integrados | E7: 1. Entrega Submetida para Validação | F7: 2. Validação do Usuário Realizada | G7: 3. Aprovação da Gestão Registrada | H7: 4. Achados e Ajustes Registrados | I7: 5. Homologação Formalizada (GATE) | J7: % da Etapa | K7: Evidência / Referência | L7: Observação | M7: Resultado da Homologação
B8: =IF(Lançamentos!$B3="","",Lançamentos!$B3) | C8: =IF($B8="","",IFERROR(INDEX(Lançamentos!$J$3:$J$1001,MATCH($B8,Lançamentos!$B$3:$B$1001,0)),"")) | D8: =IF($B8="","",IFERROR(INDEX('E2 — Triagem'!$D$8:$D$507,MATCH($B8,'E2 — Triagem'!$B$8:$B$507,0)),"")) | J8: =IF(B8="","",IF(COUNTIF(E8:I8,"N/A")=5,0,IF(COUNTIF(E8:I8,"✔ Concluído")=5,1,MIN(99%,COUNTIF(E8:I8,"✔ Concluído")/(5-COUNTIF(E8:I8,"N/A"))))))
B9: =IF(Lançamentos!$B4="","",Lançamentos!$B4) | C9: =IF($B9="","",IFERROR(INDEX(Lançamentos!$J$3:$J$1001,MATCH($B9,Lançamentos!$B$3:$B$1001,0)),"")) | D9: =IF($B9="","",IFERROR(INDEX('E2 — Triagem'!$D$8:$D$507,MATCH($B9,'E2 — Triagem'!$B$8:$B$507,0)),"")) | J9: =IF(B9="","",IF(COUNTIF(E9:I9,"N/A")=5,0,IF(COUNTIF(E9:I9,"✔ Concluído")=5,1,MIN(99%,COUNTIF(E9:I9,"✔ Concluído")/(5-COUNTIF(E9:I9,"N/A"))))))
B10: =IF(Lançamentos!$B5="","",Lançamentos!$B5) | C10: =IF($B10="","",IFERROR(INDEX(Lançamentos!$J$3:$J$1001,MATCH($B10,Lançamentos!$B$3:$B$1001,0)),"")) | D10: =IF($B10="","",IFERROR(INDEX('E2 — Triagem'!$D$8:$D$507,MATCH($B10,'E2 — Triagem'!$B$8:$B$507,0)),"")) | J10: =IF(B10="","",IF(COUNTIF(E10:I10,"N/A")=5,0,IF(COUNTIF(E10:I10,"✔ Concluído")=5,1,MIN(99%,COUNTIF(E10:I10,"✔ Concluído")/(5-COUNTIF(E10:I10,"N/A"))))))
B11: =IF(Lançamentos!$B6="","",Lançamentos!$B6) | C11: =IF($B11="","",IFERROR(INDEX(Lançamentos!$J$3:$J$1001,MATCH($B11,Lançamentos!$B$3:$B$1001,0)),"")) | D11: =IF($B11="","",IFERROR(INDEX('E2 — Triagem'!$D$8:$D$507,MATCH($B11,'E2 — Triagem'!$B$8:$B$507,0)),"")) | J11: =IF(B11="","",IF(COUNTIF(E11:I11,"N/A")=5,0,IF(COUNTIF(E11:I11,"✔ Concluído")=5,1,MIN(99%,COUNTIF(E11:I11,"✔ Concluído")/(5-COUNTIF(E11:I11,"N/A"))))))
B12: =IF(Lançamentos!$B7="","",Lançamentos!$B7) | C12: =IF($B12="","",IFERROR(INDEX(Lançamentos!$J$3:$J$1001,MATCH($B12,Lançamentos!$B$3:$B$1001,0)),"")) | D12: =IF($B12="","",IFERROR(INDEX('E2 — Triagem'!$D$8:$D$507,MATCH($B12,'E2 — Triagem'!$B$8:$B$507,0)),"")) | J12: =IF(B12="","",IF(COUNTIF(E12:I12,"N/A")=5,0,IF(COUNTIF(E12:I12,"✔ Concluído")=5,1,MIN(99%,COUNTIF(E12:I12,"✔ Concluído")/(5-COUNTIF(E12:I12,"N/A"))))))
B13: =IF(Lançamentos!$B8="","",Lançamentos!$B8) | C13: =IF($B13="","",IFERROR(INDEX(Lançamentos!$J$3:$J$1001,MATCH($B13,Lançamentos!$B$3:$B$1001,0)),"")) | D13: =IF($B13="","",IFERROR(INDEX('E2 — Triagem'!$D$8:$D$507,MATCH($B13,'E2 — Triagem'!$B$8:$B$507,0)),"")) | J13: =IF(B13="","",IF(COUNTIF(E13:I13,"N/A")=5,0,IF(COUNTIF(E13:I13,"✔ Concluído")=5,1,MIN(99%,COUNTIF(E13:I13,"✔ Concluído")/(5-COUNTIF(E13:I13,"N/A"))))))
B14: =IF(Lançamentos!$B9="","",Lançamentos!$B9) | C14: =IF($B14="","",IFERROR(INDEX(Lançamentos!$J$3:$J$1001,MATCH($B14,Lançamentos!$B$3:$B$1001,0)),"")) | D14: =IF($B14="","",IFERROR(INDEX('E2 — Triagem'!$D$8:$D$507,MATCH($B14,'E2 — Triagem'!$B$8:$B$507,0)),"")) | J14: =IF(B14="","",IF(COUNTIF(E14:I14,"N/A")=5,0,IF(COUNTIF(E14:I14,"✔ Concluído")=5,1,MIN(99%,COUNTIF(E14:I14,"✔ Concluído")/(5-COUNTIF(E14:I14,"N/A"))))))
B15: =IF(Lançamentos!$B10="","",Lançamentos!$B10) | C15: =IF($B15="","",IFERROR(INDEX(Lançamentos!$J$3:$J$1001,MATCH($B15,Lançamentos!$B$3:$B$1001,0)),"")) | D15: =IF($B15="","",IFERROR(INDEX('E2 — Triagem'!$D$8:$D$507,MATCH($B15,'E2 — Triagem'!$B$8:$B$507,0)),"")) | J15: =IF(B15="","",IF(COUNTIF(E15:I15,"N/A")=5,0,IF(COUNTIF(E15:I15,"✔ Concluído")=5,1,MIN(99%,COUNTIF(E15:I15,"✔ Concluído")/(5-COUNTIF(E15:I15,"N/A"))))))
B16: =IF(Lançamentos!$B11="","",Lançamentos!$B11) | C16: =IF($B16="","",IFERROR(INDEX(Lançamentos!$J$3:$J$1001,MATCH($B16,Lançamentos!$B$3:$B$1001,0)),"")) | D16: =IF($B16="","",IFERROR(INDEX('E2 — Triagem'!$D$8:$D$507,MATCH($B16,'E2 — Triagem'!$B$8:$B$507,0)),"")) | J16: =IF(B16="","",IF(COUNTIF(E16:I16,"N/A")=5,0,IF(COUNTIF(E16:I16,"✔ Concluído")=5,1,MIN(99%,COUNTIF(E16:I16,"✔ Concluído")/(5-COUNTIF(E16:I16,"N/A"))))))
B17: =IF(Lançamentos!$B12="","",Lançamentos!$B12) | C17: =IF($B17="","",IFERROR(INDEX(Lançamentos!$J$3:$J$1001,MATCH($B17,Lançamentos!$B$3:$B$1001,0)),"")) | D17: =IF($B17="","",IFERROR(INDEX('E2 — Triagem'!$D$8:$D$507,MATCH($B17,'E2 — Triagem'!$B$8:$B$507,0)),"")) | J17: =IF(B17="","",IF(COUNTIF(E17:I17,"N/A")=5,0,IF(COUNTIF(E17:I17,"✔ Concluído")=5,1,MIN(99%,COUNTIF(E17:I17,"✔ Concluído")/(5-COUNTIF(E17:I17,"N/A"))))))
B18: =IF(Lançamentos!$B13="","",Lançamentos!$B13) | C18: =IF($B18="","",IFERROR(INDEX(Lançamentos!$J$3:$J$1001,MATCH($B18,Lançamentos!$B$3:$B$1001,0)),"")) | D18: =IF($B18="","",IFERROR(INDEX('E2 — Triagem'!$D$8:$D$507,MATCH($B18,'E2 — Triagem'!$B$8:$B$507,0)),"")) | J18: =IF(B18="","",IF(COUNTIF(E18:I18,"N/A")=5,0,IF(COUNTIF(E18:I18,"✔ Concluído")=5,1,MIN(99%,COUNTIF(E18:I18,"✔ Concluído")/(5-COUNTIF(E18:I18,"N/A"))))))
B19: =IF(Lançamentos!$B14="","",Lançamentos!$B14) | C19: =IF($B19="","",IFERROR(INDEX(Lançamentos!$J$3:$J$1001,MATCH($B19,Lançamentos!$B$3:$B$1001,0)),"")) | D19: =IF($B19="","",IFERROR(INDEX('E2 — Triagem'!$D$8:$D$507,MATCH($B19,'E2 — Triagem'!$B$8:$B$507,0)),"")) | J19: =IF(B19="","",IF(COUNTIF(E19:I19,"N/A")=5,0,IF(COUNTIF(E19:I19,"✔ Concluído")=5,1,MIN(99%,COUNTIF(E19:I19,"✔ Concluído")/(5-COUNTIF(E19:I19,"N/A"))))))
... B507: =IF(Lançamentos!$B502="","",Lançamentos!$B502) | C507: =IF($B507="","",IFERROR(INDEX(Lançamentos!$J$3:$J$1001,MATCH($B507,Lançamentos!$B$3:$B$1001,0)),"")) | D507: =IF($B507="","",IFERROR(INDEX('E2 — Triagem'!$D$8:$D$507,MATCH($B507,'E2 — Triagem'!$B$8:$B$507,0)),"")) | J507: =IF(B507="","",IF(COUNTIF(E507:I507,"N/A")=5,0,IF(COUNTIF(E507:I507,"✔ Concluído")=5,1,MIN(99%,COUNTIF(E507:I507,"✔ Concluído")/(5-COUNTIF(E507:I507,"N/A"))))))

Sheet E6 — Ajustes
B2: ETAPA 06 — AJUSTES E REFINAMENTOS
B3: Responsável: CSC / Processos Integrados + Usuário-chave · Função: governar o tratamento dos achados quando a homologação exigir ajustes
B4: OBJETIVO: Confirmar que os achados foram priorizados, tratados, incorporados à solução e formalmente aprovados antes da implantação.
B5: ETAPA CONDICIONAL: Aprovado sem Ajustes = E06 Não Aplicável e avanço direto para E07. Aprovado com Ajustes ou Reprovado = E06 Aplicável e conclusão obrigatória.
B7: ID Único | C7: Atividade | D7: Pilar Proc. Integrados | E7: 1. Achados Priorizados | F7: 2. Ajustes Executados | G7: 3. Solução Atualizada | H7: 4. Pendências Tratadas | I7: 5. Nova Validação Realizada | J7: 6. Ajustes Aprovados | K7: % da Etapa | L7: Evidência / Referência | M7: Observação | N7: Etapa 06 Aplicável?
B8: =IF(Lançamentos!$B3="","",Lançamentos!$B3) | C8: =IF($B8="","",IFERROR(INDEX(Lançamentos!$J$3:$J$1001,MATCH($B8,Lançamentos!$B$3:$B$1001,0)),"")) | D8: =IF($B8="","",IFERROR(INDEX('E2 — Triagem'!$D$8:$D$507,MATCH($B8,'E2 — Triagem'!$B$8:$B$507,0)),"")) | K8: =IF(B8="","",IF(N8="Não",0,IF(COUNTIF(E8:J8,"N/A")=6,0,COUNTIF(E8:J8,"✔ Concluído")/(6-COUNTIF(E8:J8,"N/A"))))) | N8: =IF(B8="","",IF('E5 — Validação'!M8="✅ Aprovado sem Ajustes","Não",IF(OR('E5 — Validação'!M8="⚠️ Aprovado com Ajustes",'E5 — Validação'!M8="❌ Reprovado"),"Sim","")))
B9: =IF(Lançamentos!$B4="","",Lançamentos!$B4) | C9: =IF($B9="","",IFERROR(INDEX(Lançamentos!$J$3:$J$1001,MATCH($B9,Lançamentos!$B$3:$B$1001,0)),"")) | D9: =IF($B9="","",IFERROR(INDEX('E2 — Triagem'!$D$8:$D$507,MATCH($B9,'E2 — Triagem'!$B$8:$B$507,0)),"")) | K9: =IF(B9="","",IF(N9="Não",0,IF(COUNTIF(E9:J9,"N/A")=6,0,COUNTIF(E9:J9,"✔ Concluído")/(6-COUNTIF(E9:J9,"N/A"))))) | N9: =IF(B9="","",IF('E5 — Validação'!M9="✅ Aprovado sem Ajustes","Não",IF(OR('E5 — Validação'!M9="⚠️ Aprovado com Ajustes",'E5 — Validação'!M9="❌ Reprovado"),"Sim","")))
B10: =IF(Lançamentos!$B5="","",Lançamentos!$B5) | C10: =IF($B10="","",IFERROR(INDEX(Lançamentos!$J$3:$J$1001,MATCH($B10,Lançamentos!$B$3:$B$1001,0)),"")) | D10: =IF($B10="","",IFERROR(INDEX('E2 — Triagem'!$D$8:$D$507,MATCH($B10,'E2 — Triagem'!$B$8:$B$507,0)),"")) | K10: =IF(B10="","",IF(N10="Não",0,IF(COUNTIF(E10:J10,"N/A")=6,0,COUNTIF(E10:J10,"✔ Concluído")/(6-COUNTIF(E10:J10,"N/A"))))) | N10: =IF(B10="","",IF('E5 — Validação'!M10="✅ Aprovado sem Ajustes","Não",IF(OR('E5 — Validação'!M10="⚠️ Aprovado com Ajustes",'E5 — Validação'!M10="❌ Reprovado"),"Sim","")))
B11: =IF(Lançamentos!$B6="","",Lançamentos!$B6) | C11: =IF($B11="","",IFERROR(INDEX(Lançamentos!$J$3:$J$1001,MATCH($B11,Lançamentos!$B$3:$B$1001,0)),"")) | D11: =IF($B11="","",IFERROR(INDEX('E2 — Triagem'!$D$8:$D$507,MATCH($B11,'E2 — Triagem'!$B$8:$B$507,0)),"")) | K11: =IF(B11="","",IF(N11="Não",0,IF(COUNTIF(E11:J11,"N/A")=6,0,COUNTIF(E11:J11,"✔ Concluído")/(6-COUNTIF(E11:J11,"N/A"))))) | N11: =IF(B11="","",IF('E5 — Validação'!M11="✅ Aprovado sem Ajustes","Não",IF(OR('E5 — Validação'!M11="⚠️ Aprovado com Ajustes",'E5 — Validação'!M11="❌ Reprovado"),"Sim","")))
B12: =IF(Lançamentos!$B7="","",Lançamentos!$B7) | C12: =IF($B12="","",IFERROR(INDEX(Lançamentos!$J$3:$J$1001,MATCH($B12,Lançamentos!$B$3:$B$1001,0)),"")) | D12: =IF($B12="","",IFERROR(INDEX('E2 — Triagem'!$D$8:$D$507,MATCH($B12,'E2 — Triagem'!$B$8:$B$507,0)),"")) | K12: =IF(B12="","",IF(N12="Não",0,IF(COUNTIF(E12:J12,"N/A")=6,0,COUNTIF(E12:J12,"✔ Concluído")/(6-COUNTIF(E12:J12,"N/A"))))) | N12: =IF(B12="","",IF('E5 — Validação'!M12="✅ Aprovado sem Ajustes","Não",IF(OR('E5 — Validação'!M12="⚠️ Aprovado com Ajustes",'E5 — Validação'!M12="❌ Reprovado"),"Sim","")))
B13: =IF(Lançamentos!$B8="","",Lançamentos!$B8) | C13: =IF($B13="","",IFERROR(INDEX(Lançamentos!$J$3:$J$1001,MATCH($B13,Lançamentos!$B$3:$B$1001,0)),"")) | D13: =IF($B13="","",IFERROR(INDEX('E2 — Triagem'!$D$8:$D$507,MATCH($B13,'E2 — Triagem'!$B$8:$B$507,0)),"")) | K13: =IF(B13="","",IF(N13="Não",0,IF(COUNTIF(E13:J13,"N/A")=6,0,COUNTIF(E13:J13,"✔ Concluído")/(6-COUNTIF(E13:J13,"N/A"))))) | N13: =IF(B13="","",IF('E5 — Validação'!M13="✅ Aprovado sem Ajustes","Não",IF(OR('E5 — Validação'!M13="⚠️ Aprovado com Ajustes",'E5 — Validação'!M13="❌ Reprovado"),"Sim","")))
B14: =IF(Lançamentos!$B9="","",Lançamentos!$B9) | C14: =IF($B14="","",IFERROR(INDEX(Lançamentos!$J$3:$J$1001,MATCH($B14,Lançamentos!$B$3:$B$1001,0)),"")) | D14: =IF($B14="","",IFERROR(INDEX('E2 — Triagem'!$D$8:$D$507,MATCH($B14,'E2 — Triagem'!$B$8:$B$507,0)),"")) | K14: =IF(B14="","",IF(N14="Não",0,IF(COUNTIF(E14:J14,"N/A")=6,0,COUNTIF(E14:J14,"✔ Concluído")/(6-COUNTIF(E14:J14,"N/A"))))) | N14: =IF(B14="","",IF('E5 — Validação'!M14="✅ Aprovado sem Ajustes","Não",IF(OR('E5 — Validação'!M14="⚠️ Aprovado com Ajustes",'E5 — Validação'!M14="❌ Reprovado"),"Sim","")))
B15: =IF(Lançamentos!$B10="","",Lançamentos!$B10) | C15: =IF($B15="","",IFERROR(INDEX(Lançamentos!$J$3:$J$1001,MATCH($B15,Lançamentos!$B$3:$B$1001,0)),"")) | D15: =IF($B15="","",IFERROR(INDEX('E2 — Triagem'!$D$8:$D$507,MATCH($B15,'E2 — Triagem'!$B$8:$B$507,0)),"")) | K15: =IF(B15="","",IF(N15="Não",0,IF(COUNTIF(E15:J15,"N/A")=6,0,COUNTIF(E15:J15,"✔ Concluído")/(6-COUNTIF(E15:J15,"N/A"))))) | N15: =IF(B15="","",IF('E5 — Validação'!M15="✅ Aprovado sem Ajustes","Não",IF(OR('E5 — Validação'!M15="⚠️ Aprovado com Ajustes",'E5 — Validação'!M15="❌ Reprovado"),"Sim","")))
B16: =IF(Lançamentos!$B11="","",Lançamentos!$B11) | C16: =IF($B16="","",IFERROR(INDEX(Lançamentos!$J$3:$J$1001,MATCH($B16,Lançamentos!$B$3:$B$1001,0)),"")) | D16: =IF($B16="","",IFERROR(INDEX('E2 — Triagem'!$D$8:$D$507,MATCH($B16,'E2 — Triagem'!$B$8:$B$507,0)),"")) | K16: =IF(B16="","",IF(N16="Não",0,IF(COUNTIF(E16:J16,"N/A")=6,0,COUNTIF(E16:J16,"✔ Concluído")/(6-COUNTIF(E16:J16,"N/A"))))) | N16: =IF(B16="","",IF('E5 — Validação'!M16="✅ Aprovado sem Ajustes","Não",IF(OR('E5 — Validação'!M16="⚠️ Aprovado com Ajustes",'E5 — Validação'!M16="❌ Reprovado"),"Sim","")))
B17: =IF(Lançamentos!$B12="","",Lançamentos!$B12) | C17: =IF($B17="","",IFERROR(INDEX(Lançamentos!$J$3:$J$1001,MATCH($B17,Lançamentos!$B$3:$B$1001,0)),"")) | D17: =IF($B17="","",IFERROR(INDEX('E2 — Triagem'!$D$8:$D$507,MATCH($B17,'E2 — Triagem'!$B$8:$B$507,0)),"")) | K17: =IF(B17="","",IF(N17="Não",0,IF(COUNTIF(E17:J17,"N/A")=6,0,COUNTIF(E17:J17,"✔ Concluído")/(6-COUNTIF(E17:J17,"N/A"))))) | N17: =IF(B17="","",IF('E5 — Validação'!M17="✅ Aprovado sem Ajustes","Não",IF(OR('E5 — Validação'!M17="⚠️ Aprovado com Ajustes",'E5 — Validação'!M17="❌ Reprovado"),"Sim","")))
B18: =IF(Lançamentos!$B13="","",Lançamentos!$B13) | C18: =IF($B18="","",IFERROR(INDEX(Lançamentos!$J$3:$J$1001,MATCH($B18,Lançamentos!$B$3:$B$1001,0)),"")) | D18: =IF($B18="","",IFERROR(INDEX('E2 — Triagem'!$D$8:$D$507,MATCH($B18,'E2 — Triagem'!$B$8:$B$507,0)),"")) | K18: =IF(B18="","",IF(N18="Não",0,IF(COUNTIF(E18:J18,"N/A")=6,0,COUNTIF(E18:J18,"✔ Concluído")/(6-COUNTIF(E18:J18,"N/A"))))) | N18: =IF(B18="","",IF('E5 — Validação'!M18="✅ Aprovado sem Ajustes","Não",IF(OR('E5 — Validação'!M18="⚠️ Aprovado com Ajustes",'E5 — Validação'!M18="❌ Reprovado"),"Sim","")))
B19: =IF(Lançamentos!$B14="","",Lançamentos!$B14) | C19: =IF($B19="","",IFERROR(INDEX(Lançamentos!$J$3:$J$1001,MATCH($B19,Lançamentos!$B$3:$B$1001,0)),"")) | D19: =IF($B19="","",IFERROR(INDEX('E2 — Triagem'!$D$8:$D$507,MATCH($B19,'E2 — Triagem'!$B$8:$B$507,0)),"")) | K19: =IF(B19="","",IF(N19="Não",0,IF(COUNTIF(E19:J19,"N/A")=6,0,COUNTIF(E19:J19,"✔ Concluído")/(6-COUNTIF(E19:J19,"N/A"))))) | N19: =IF(B19="","",IF('E5 — Validação'!M19="✅ Aprovado sem Ajustes","Não",IF(OR('E5 — Validação'!M19="⚠️ Aprovado com Ajustes",'E5 — Validação'!M19="❌ Reprovado"),"Sim","")))
... B507: =IF(Lançamentos!$B502="","",Lançamentos!$B502) | C507: =IF($B507="","",IFERROR(INDEX(Lançamentos!$J$3:$J$1001,MATCH($B507,Lançamentos!$B$3:$B$1001,0)),"")) | D507: =IF($B507="","",IFERROR(INDEX('E2 — Triagem'!$D$8:$D$507,MATCH($B507,'E2 — Triagem'!$B$8:$B$507,0)),"")) | K507: =IF(B507="","",IF(N507="Não",0,IF(COUNTIF(E507:J507,"N/A")=6,0,COUNTIF(E507:J507,"✔ Concluído")/(6-COUNTIF(E507:J507,"N/A"))))) | N507: =IF(B507="","",IF('E5 — Validação'!M507="✅ Aprovado sem Ajustes","Não",IF(OR('E5 — Validação'!M507="⚠️ Aprovado com Ajustes",'E5 — Validação'!M507="❌ Reprovado"),"Sim","")))

Sheet E7 — Entrega
B2: ETAPA 07 — IMPLANTAÇÃO E ENTREGA
B3: Responsável: CSC / Processos Integrados · Função: formalizar a disponibilização, comunicação, encerramento e arquivamento da entrega
B4: OBJETIVO: Confirmar que a solução foi oficialmente disponibilizada, comunicada, encerrada nos controles e arquivada antes da estabilização pós-implantação.
B5: Status permitidos: ⏳ Pendente · 🔄 Em andamento · ✔ Concluído · ⛔ Bloqueado · N/A. A E08 somente é liberada quando os quatro critérios estão concluídos e a evidência final está registrada.
B7: ID Único | C7: Atividade | D7: Pilar Proc. Integrados | E7: 1. Solução Disponibilizada | F7: 2. Entrega Comunicada | G7: 3. Projeto Encerrado no Controle | H7: 4. Evidências Arquivadas | I7: % da Etapa | J7: Evidência / Referência | K7: Observação
B8: =IF(Lançamentos!$B3="","",Lançamentos!$B3) | C8: =IF($B8="","",IFERROR(INDEX(Lançamentos!$J$3:$J$1001,MATCH($B8,Lançamentos!$B$3:$B$1001,0)),"")) | D8: =IF($B8="","",IFERROR(INDEX('E2 — Triagem'!$D$8:$D$507,MATCH($B8,'E2 — Triagem'!$B$8:$B$507,0)),"")) | I8: =IF(B8="","",IF(COUNTIF(E8:H8,"N/A")=4,0,COUNTIF(E8:H8,"✔ Concluído")/(4-COUNTIF(E8:H8,"N/A"))))
B9: =IF(Lançamentos!$B4="","",Lançamentos!$B4) | C9: =IF($B9="","",IFERROR(INDEX(Lançamentos!$J$3:$J$1001,MATCH($B9,Lançamentos!$B$3:$B$1001,0)),"")) | D9: =IF($B9="","",IFERROR(INDEX('E2 — Triagem'!$D$8:$D$507,MATCH($B9,'E2 — Triagem'!$B$8:$B$507,0)),"")) | I9: =IF(B9="","",IF(COUNTIF(E9:H9,"N/A")=4,0,COUNTIF(E9:H9,"✔ Concluído")/(4-COUNTIF(E9:H9,"N/A"))))
B10: =IF(Lançamentos!$B5="","",Lançamentos!$B5) | C10: =IF($B10="","",IFERROR(INDEX(Lançamentos!$J$3:$J$1001,MATCH($B10,Lançamentos!$B$3:$B$1001,0)),"")) | D10: =IF($B10="","",IFERROR(INDEX('E2 — Triagem'!$D$8:$D$507,MATCH($B10,'E2 — Triagem'!$B$8:$B$507,0)),"")) | I10: =IF(B10="","",IF(COUNTIF(E10:H10,"N/A")=4,0,COUNTIF(E10:H10,"✔ Concluído")/(4-COUNTIF(E10:H10,"N/A"))))
B11: =IF(Lançamentos!$B6="","",Lançamentos!$B6) | C11: =IF($B11="","",IFERROR(INDEX(Lançamentos!$J$3:$J$1001,MATCH($B11,Lançamentos!$B$3:$B$1001,0)),"")) | D11: =IF($B11="","",IFERROR(INDEX('E2 — Triagem'!$D$8:$D$507,MATCH($B11,'E2 — Triagem'!$B$8:$B$507,0)),"")) | I11: =IF(B11="","",IF(COUNTIF(E11:H11,"N/A")=4,0,COUNTIF(E11:H11,"✔ Concluído")/(4-COUNTIF(E11:H11,"N/A"))))
B12: =IF(Lançamentos!$B7="","",Lançamentos!$B7) | C12: =IF($B12="","",IFERROR(INDEX(Lançamentos!$J$3:$J$1001,MATCH($B12,Lançamentos!$B$3:$B$1001,0)),"")) | D12: =IF($B12="","",IFERROR(INDEX('E2 — Triagem'!$D$8:$D$507,MATCH($B12,'E2 — Triagem'!$B$8:$B$507,0)),"")) | I12: =IF(B12="","",IF(COUNTIF(E12:H12,"N/A")=4,0,COUNTIF(E12:H12,"✔ Concluído")/(4-COUNTIF(E12:H12,"N/A"))))
B13: =IF(Lançamentos!$B8="","",Lançamentos!$B8) | C13: =IF($B13="","",IFERROR(INDEX(Lançamentos!$J$3:$J$1001,MATCH($B13,Lançamentos!$B$3:$B$1001,0)),"")) | D13: =IF($B13="","",IFERROR(INDEX('E2 — Triagem'!$D$8:$D$507,MATCH($B13,'E2 — Triagem'!$B$8:$B$507,0)),"")) | I13: =IF(B13="","",IF(COUNTIF(E13:H13,"N/A")=4,0,COUNTIF(E13:H13,"✔ Concluído")/(4-COUNTIF(E13:H13,"N/A"))))
B14: =IF(Lançamentos!$B9="","",Lançamentos!$B9) | C14: =IF($B14="","",IFERROR(INDEX(Lançamentos!$J$3:$J$1001,MATCH($B14,Lançamentos!$B$3:$B$1001,0)),"")) | D14: =IF($B14="","",IFERROR(INDEX('E2 — Triagem'!$D$8:$D$507,MATCH($B14,'E2 — Triagem'!$B$8:$B$507,0)),"")) | I14: =IF(B14="","",IF(COUNTIF(E14:H14,"N/A")=4,0,COUNTIF(E14:H14,"✔ Concluído")/(4-COUNTIF(E14:H14,"N/A"))))
B15: =IF(Lançamentos!$B10="","",Lançamentos!$B10) | C15: =IF($B15="","",IFERROR(INDEX(Lançamentos!$J$3:$J$1001,MATCH($B15,Lançamentos!$B$3:$B$1001,0)),"")) | D15: =IF($B15="","",IFERROR(INDEX('E2 — Triagem'!$D$8:$D$507,MATCH($B15,'E2 — Triagem'!$B$8:$B$507,0)),"")) | I15: =IF(B15="","",IF(COUNTIF(E15:H15,"N/A")=4,0,COUNTIF(E15:H15,"✔ Concluído")/(4-COUNTIF(E15:H15,"N/A"))))
B16: =IF(Lançamentos!$B11="","",Lançamentos!$B11) | C16: =IF($B16="","",IFERROR(INDEX(Lançamentos!$J$3:$J$1001,MATCH($B16,Lançamentos!$B$3:$B$1001,0)),"")) | D16: =IF($B16="","",IFERROR(INDEX('E2 — Triagem'!$D$8:$D$507,MATCH($B16,'E2 — Triagem'!$B$8:$B$507,0)),"")) | I16: =IF(B16="","",IF(COUNTIF(E16:H16,"N/A")=4,0,COUNTIF(E16:H16,"✔ Concluído")/(4-COUNTIF(E16:H16,"N/A"))))
B17: =IF(Lançamentos!$B12="","",Lançamentos!$B12) | C17: =IF($B17="","",IFERROR(INDEX(Lançamentos!$J$3:$J$1001,MATCH($B17,Lançamentos!$B$3:$B$1001,0)),"")) | D17: =IF($B17="","",IFERROR(INDEX('E2 — Triagem'!$D$8:$D$507,MATCH($B17,'E2 — Triagem'!$B$8:$B$507,0)),"")) | I17: =IF(B17="","",IF(COUNTIF(E17:H17,"N/A")=4,0,COUNTIF(E17:H17,"✔ Concluído")/(4-COUNTIF(E17:H17,"N/A"))))
B18: =IF(Lançamentos!$B13="","",Lançamentos!$B13) | C18: =IF($B18="","",IFERROR(INDEX(Lançamentos!$J$3:$J$1001,MATCH($B18,Lançamentos!$B$3:$B$1001,0)),"")) | D18: =IF($B18="","",IFERROR(INDEX('E2 — Triagem'!$D$8:$D$507,MATCH($B18,'E2 — Triagem'!$B$8:$B$507,0)),"")) | I18: =IF(B18="","",IF(COUNTIF(E18:H18,"N/A")=4,0,COUNTIF(E18:H18,"✔ Concluído")/(4-COUNTIF(E18:H18,"N/A"))))
B19: =IF(Lançamentos!$B14="","",Lançamentos!$B14) | C19: =IF($B19="","",IFERROR(INDEX(Lançamentos!$J$3:$J$1001,MATCH($B19,Lançamentos!$B$3:$B$1001,0)),"")) | D19: =IF($B19="","",IFERROR(INDEX('E2 — Triagem'!$D$8:$D$507,MATCH($B19,'E2 — Triagem'!$B$8:$B$507,0)),"")) | I19: =IF(B19="","",IF(COUNTIF(E19:H19,"N/A")=4,0,COUNTIF(E19:H19,"✔ Concluído")/(4-COUNTIF(E19:H19,"N/A"))))
... B507: =IF(Lançamentos!$B502="","",Lançamentos!$B502) | C507: =IF($B507="","",IFERROR(INDEX(Lançamentos!$J$3:$J$1001,MATCH($B507,Lançamentos!$B$3:$B$1001,0)),"")) | D507: =IF($B507="","",IFERROR(INDEX('E2 — Triagem'!$D$8:$D$507,MATCH($B507,'E2 — Triagem'!$B$8:$B$507,0)),"")) | I507: =IF(B507="","",IF(COUNTIF(E507:H507,"N/A")=4,0,COUNTIF(E507:H507,"✔ Concluído")/(4-COUNTIF(E507:H507,"N/A"))))

Sheet E08 — Estabilização Hypercare
B2: ETAPA 08 — ESTABILIZAÇÃO PÓS-IMPLANTAÇÃO · HYPERCARE
B3: Responsável: CSC / Processos Integrados · Período recomendado: até 7 dias corridos após a implantação, ajustável conforme criticidade, risco e complexidade
B4: OBJETIVO: Acompanhar o comportamento da solução após sua implantação, prestar suporte inicial aos usuários, monitorar a estabilidade em ambiente produtivo, registrar ocorrências, tratar correções emergenciais e confirmar o encerramento definitivo da demanda ou a abertura de um novo ciclo quando houver necessidade de evolução relevante.
B5: IMPORTANTE: A E08 é finita. Correções de estabilização permanecem no Hypercare; evoluções relevantes geram nova solicitação, novo ID e novo ciclo na Etapa 01, sem reabrir a demanda original.
B7: ID Único | C7: Atividade | D7: Pilar Proc. Integrados | E7: 1. Suporte Inicial Prestado | F7: 2. Solução Monitorada | G7: 3. Ocorrências Registradas | H7: 4. Correções Emergenciais Concluídas | I7: 5. Estabilização Confirmada | J7: 6. Demanda Encerrada ou Novo Ciclo Aberto | K7: % da Etapa | L7: Evidência / Referência | M7: Observação | N7: Resultado do Hypercare | O7: Início Hypercare | P7: Prazo (dias) | Q7: Encerramento Previsto | R7: Encerramento Real | S7: Dias em Hypercare | T7: Situação do Prazo | U7: ID Nova Demanda
B8: =IF(Lançamentos!$B3="","",Lançamentos!$B3) | C8: =IF($B8="","",IFERROR(INDEX(Lançamentos!$J$3:$J$1001,MATCH($B8,Lançamentos!$B$3:$B$1001,0)),"")) | D8: =IF($B8="","",IFERROR(INDEX('E2 — Triagem'!$D$8:$D$507,MATCH($B8,'E2 — Triagem'!$B$8:$B$507,0)),"")) | K8: =IF(B8="","",IF(COUNTIF(E8:J8,"N/A")=6,0,COUNTIF(E8:J8,"✔ Concluído")/(6-COUNTIF(E8:J8,"N/A")))) | O8: =IF(B8="","",IF(Lançamentos!D3="","",Lançamentos!D3)) | P8: 7 | Q8: =IF(OR(O8="",P8=""),"",O8+P8) | S8: =IF(O8="","",MAX(0,IF(R8<>"",R8-O8,TODAY()-O8))) | T8: =IF(B8="","",IF(R8<>"","✅ Encerrado",IF(O8="","",IF(TODAY()>Q8,"🔴 Hypercare Atrasado",IF(TODAY()>=Q8-2,"🟡 Próximo do Encerramento","🟢 Dentro do Período")))))
B9: =IF(Lançamentos!$B4="","",Lançamentos!$B4) | C9: =IF($B9="","",IFERROR(INDEX(Lançamentos!$J$3:$J$1001,MATCH($B9,Lançamentos!$B$3:$B$1001,0)),"")) | D9: =IF($B9="","",IFERROR(INDEX('E2 — Triagem'!$D$8:$D$507,MATCH($B9,'E2 — Triagem'!$B$8:$B$507,0)),"")) | K9: =IF(B9="","",IF(COUNTIF(E9:J9,"N/A")=6,0,COUNTIF(E9:J9,"✔ Concluído")/(6-COUNTIF(E9:J9,"N/A")))) | O9: =IF(B9="","",IF(Lançamentos!D4="","",Lançamentos!D4)) | P9: 7 | Q9: =IF(OR(O9="",P9=""),"",O9+P9) | S9: =IF(O9="","",MAX(0,IF(R9<>"",R9-O9,TODAY()-O9))) | T9: =IF(B9="","",IF(R9<>"","✅ Encerrado",IF(O9="","",IF(TODAY()>Q9,"🔴 Hypercare Atrasado",IF(TODAY()>=Q9-2,"🟡 Próximo do Encerramento","🟢 Dentro do Período")))))
B10: =IF(Lançamentos!$B5="","",Lançamentos!$B5) | C10: =IF($B10="","",IFERROR(INDEX(Lançamentos!$J$3:$J$1001,MATCH($B10,Lançamentos!$B$3:$B$1001,0)),"")) | D10: =IF($B10="","",IFERROR(INDEX('E2 — Triagem'!$D$8:$D$507,MATCH($B10,'E2 — Triagem'!$B$8:$B$507,0)),"")) | K10: =IF(B10="","",IF(COUNTIF(E10:J10,"N/A")=6,0,COUNTIF(E10:J10,"✔ Concluído")/(6-COUNTIF(E10:J10,"N/A")))) | O10: =IF(B10="","",IF(Lançamentos!D5="","",Lançamentos!D5)) | P10: 7 | Q10: =IF(OR(O10="",P10=""),"",O10+P10) | S10: =IF(O10="","",MAX(0,IF(R10<>"",R10-O10,TODAY()-O10))) | T10: =IF(B10="","",IF(R10<>"","✅ Encerrado",IF(O10="","",IF(TODAY()>Q10,"🔴 Hypercare Atrasado",IF(TODAY()>=Q10-2,"🟡 Próximo do Encerramento","🟢 Dentro do Período")))))
B11: =IF(Lançamentos!$B6="","",Lançamentos!$B6) | C11: =IF($B11="","",IFERROR(INDEX(Lançamentos!$J$3:$J$1001,MATCH($B11,Lançamentos!$B$3:$B$1001,0)),"")) | D11: =IF($B11="","",IFERROR(INDEX('E2 — Triagem'!$D$8:$D$507,MATCH($B11,'E2 — Triagem'!$B$8:$B$507,0)),"")) | K11: =IF(B11="","",IF(COUNTIF(E11:J11,"N/A")=6,0,COUNTIF(E11:J11,"✔ Concluído")/(6-COUNTIF(E11:J11,"N/A")))) | O11: =IF(B11="","",IF(Lançamentos!D6="","",Lançamentos!D6)) | P11: 7 | Q11: =IF(OR(O11="",P11=""),"",O11+P11) | S11: =IF(O11="","",MAX(0,IF(R11<>"",R11-O11,TODAY()-O11))) | T11: =IF(B11="","",IF(R11<>"","✅ Encerrado",IF(O11="","",IF(TODAY()>Q11,"🔴 Hypercare Atrasado",IF(TODAY()>=Q11-2,"🟡 Próximo do Encerramento","🟢 Dentro do Período")))))
B12: =IF(Lançamentos!$B7="","",Lançamentos!$B7) | C12: =IF($B12="","",IFERROR(INDEX(Lançamentos!$J$3:$J$1001,MATCH($B12,Lançamentos!$B$3:$B$1001,0)),"")) | D12: =IF($B12="","",IFERROR(INDEX('E2 — Triagem'!$D$8:$D$507,MATCH($B12,'E2 — Triagem'!$B$8:$B$507,0)),"")) | K12: =IF(B12="","",IF(COUNTIF(E12:J12,"N/A")=6,0,COUNTIF(E12:J12,"✔ Concluído")/(6-COUNTIF(E12:J12,"N/A")))) | O12: =IF(B12="","",IF(Lançamentos!D7="","",Lançamentos!D7)) | P12: 7 | Q12: =IF(OR(O12="",P12=""),"",O12+P12) | S12: =IF(O12="","",MAX(0,IF(R12<>"",R12-O12,TODAY()-O12))) | T12: =IF(B12="","",IF(R12<>"","✅ Encerrado",IF(O12="","",IF(TODAY()>Q12,"🔴 Hypercare Atrasado",IF(TODAY()>=Q12-2,"🟡 Próximo do Encerramento","🟢 Dentro do Período")))))
B13: =IF(Lançamentos!$B8="","",Lançamentos!$B8) | C13: =IF($B13="","",IFERROR(INDEX(Lançamentos!$J$3:$J$1001,MATCH($B13,Lançamentos!$B$3:$B$1001,0)),"")) | D13: =IF($B13="","",IFERROR(INDEX('E2 — Triagem'!$D$8:$D$507,MATCH($B13,'E2 — Triagem'!$B$8:$B$507,0)),"")) | K13: =IF(B13="","",IF(COUNTIF(E13:J13,"N/A")=6,0,COUNTIF(E13:J13,"✔ Concluído")/(6-COUNTIF(E13:J13,"N/A")))) | O13: =IF(B13="","",IF(Lançamentos!D8="","",Lançamentos!D8)) | P13: 7 | Q13: =IF(OR(O13="",P13=""),"",O13+P13) | S13: =IF(O13="","",MAX(0,IF(R13<>"",R13-O13,TODAY()-O13))) | T13: =IF(B13="","",IF(R13<>"","✅ Encerrado",IF(O13="","",IF(TODAY()>Q13,"🔴 Hypercare Atrasado",IF(TODAY()>=Q13-2,"🟡 Próximo do Encerramento","🟢 Dentro do Período")))))
B14: =IF(Lançamentos!$B9="","",Lançamentos!$B9) | C14: =IF($B14="","",IFERROR(INDEX(Lançamentos!$J$3:$J$1001,MATCH($B14,Lançamentos!$B$3:$B$1001,0)),"")) | D14: =IF($B14="","",IFERROR(INDEX('E2 — Triagem'!$D$8:$D$507,MATCH($B14,'E2 — Triagem'!$B$8:$B$507,0)),"")) | K14: =IF(B14="","",IF(COUNTIF(E14:J14,"N/A")=6,0,COUNTIF(E14:J14,"✔ Concluído")/(6-COUNTIF(E14:J14,"N/A")))) | O14: =IF(B14="","",IF(Lançamentos!D9="","",Lançamentos!D9)) | P14: 7 | Q14: =IF(OR(O14="",P14=""),"",O14+P14) | S14: =IF(O14="","",MAX(0,IF(R14<>"",R14-O14,TODAY()-O14))) | T14: =IF(B14="","",IF(R14<>"","✅ Encerrado",IF(O14="","",IF(TODAY()>Q14,"🔴 Hypercare Atrasado",IF(TODAY()>=Q14-2,"🟡 Próximo do Encerramento","🟢 Dentro do Período")))))
B15: =IF(Lançamentos!$B10="","",Lançamentos!$B10) | C15: =IF($B15="","",IFERROR(INDEX(Lançamentos!$J$3:$J$1001,MATCH($B15,Lançamentos!$B$3:$B$1001,0)),"")) | D15: =IF($B15="","",IFERROR(INDEX('E2 — Triagem'!$D$8:$D$507,MATCH($B15,'E2 — Triagem'!$B$8:$B$507,0)),"")) | K15: =IF(B15="","",IF(COUNTIF(E15:J15,"N/A")=6,0,COUNTIF(E15:J15,"✔ Concluído")/(6-COUNTIF(E15:J15,"N/A")))) | O15: =IF(B15="","",IF(Lançamentos!D10="","",Lançamentos!D10)) | P15: 7 | Q15: =IF(OR(O15="",P15=""),"",O15+P15) | S15: =IF(O15="","",MAX(0,IF(R15<>"",R15-O15,TODAY()-O15))) | T15: =IF(B15="","",IF(R15<>"","✅ Encerrado",IF(O15="","",IF(TODAY()>Q15,"🔴 Hypercare Atrasado",IF(TODAY()>=Q15-2,"🟡 Próximo do Encerramento","🟢 Dentro do Período")))))
B16: =IF(Lançamentos!$B11="","",Lançamentos!$B11) | C16: =IF($B16="","",IFERROR(INDEX(Lançamentos!$J$3:$J$1001,MATCH($B16,Lançamentos!$B$3:$B$1001,0)),"")) | D16: =IF($B16="","",IFERROR(INDEX('E2 — Triagem'!$D$8:$D$507,MATCH($B16,'E2 — Triagem'!$B$8:$B$507,0)),"")) | K16: =IF(B16="","",IF(COUNTIF(E16:J16,"N/A")=6,0,COUNTIF(E16:J16,"✔ Concluído")/(6-COUNTIF(E16:J16,"N/A")))) | O16: =IF(B16="","",IF(Lançamentos!D11="","",Lançamentos!D11)) | P16: 7 | Q16: =IF(OR(O16="",P16=""),"",O16+P16) | S16: =IF(O16="","",MAX(0,IF(R16<>"",R16-O16,TODAY()-O16))) | T16: =IF(B16="","",IF(R16<>"","✅ Encerrado",IF(O16="","",IF(TODAY()>Q16,"🔴 Hypercare Atrasado",IF(TODAY()>=Q16-2,"🟡 Próximo do Encerramento","🟢 Dentro do Período")))))
B17: =IF(Lançamentos!$B12="","",Lançamentos!$B12) | C17: =IF($B17="","",IFERROR(INDEX(Lançamentos!$J$3:$J$1001,MATCH($B17,Lançamentos!$B$3:$B$1001,0)),"")) | D17: =IF($B17="","",IFERROR(INDEX('E2 — Triagem'!$D$8:$D$507,MATCH($B17,'E2 — Triagem'!$B$8:$B$507,0)),"")) | K17: =IF(B17="","",IF(COUNTIF(E17:J17,"N/A")=6,0,COUNTIF(E17:J17,"✔ Concluído")/(6-COUNTIF(E17:J17,"N/A")))) | O17: =IF(B17="","",IF(Lançamentos!D12="","",Lançamentos!D12)) | P17: 7 | Q17: =IF(OR(O17="",P17=""),"",O17+P17) | S17: =IF(O17="","",MAX(0,IF(R17<>"",R17-O17,TODAY()-O17))) | T17: =IF(B17="","",IF(R17<>"","✅ Encerrado",IF(O17="","",IF(TODAY()>Q17,"🔴 Hypercare Atrasado",IF(TODAY()>=Q17-2,"🟡 Próximo do Encerramento","🟢 Dentro do Período")))))
B18: =IF(Lançamentos!$B13="","",Lançamentos!$B13) | C18: =IF($B18="","",IFERROR(INDEX(Lançamentos!$J$3:$J$1001,MATCH($B18,Lançamentos!$B$3:$B$1001,0)),"")) | D18: =IF($B18="","",IFERROR(INDEX('E2 — Triagem'!$D$8:$D$507,MATCH($B18,'E2 — Triagem'!$B$8:$B$507,0)),"")) | K18: =IF(B18="","",IF(COUNTIF(E18:J18,"N/A")=6,0,COUNTIF(E18:J18,"✔ Concluído")/(6-COUNTIF(E18:J18,"N/A")))) | O18: =IF(B18="","",IF(Lançamentos!D13="","",Lançamentos!D13)) | P18: 7 | Q18: =IF(OR(O18="",P18=""),"",O18+P18) | S18: =IF(O18="","",MAX(0,IF(R18<>"",R18-O18,TODAY()-O18))) | T18: =IF(B18="","",IF(R18<>"","✅ Encerrado",IF(O18="","",IF(TODAY()>Q18,"🔴 Hypercare Atrasado",IF(TODAY()>=Q18-2,"🟡 Próximo do Encerramento","🟢 Dentro do Período")))))
B19: =IF(Lançamentos!$B14="","",Lançamentos!$B14) | C19: =IF($B19="","",IFERROR(INDEX(Lançamentos!$J$3:$J$1001,MATCH($B19,Lançamentos!$B$3:$B$1001,0)),"")) | D19: =IF($B19="","",IFERROR(INDEX('E2 — Triagem'!$D$8:$D$507,MATCH($B19,'E2 — Triagem'!$B$8:$B$507,0)),"")) | K19: =IF(B19="","",IF(COUNTIF(E19:J19,"N/A")=6,0,COUNTIF(E19:J19,"✔ Concluído")/(6-COUNTIF(E19:J19,"N/A")))) | O19: =IF(B19="","",IF(Lançamentos!D14="","",Lançamentos!D14)) | P19: 7 | Q19: =IF(OR(O19="",P19=""),"",O19+P19) | S19: =IF(O19="","",MAX(0,IF(R19<>"",R19-O19,TODAY()-O19))) | T19: =IF(B19="","",IF(R19<>"","✅ Encerrado",IF(O19="","",IF(TODAY()>Q19,"🔴 Hypercare Atrasado",IF(TODAY()>=Q19-2,"🟡 Próximo do Encerramento","🟢 Dentro do Período")))))
... B507: =IF(Lançamentos!$B502="","",Lançamentos!$B502) | C507: =IF($B507="","",IFERROR(INDEX(Lançamentos!$J$3:$J$1001,MATCH($B507,Lançamentos!$B$3:$B$1001,0)),"")) | D507: =IF($B507="","",IFERROR(INDEX('E2 — Triagem'!$D$8:$D$507,MATCH($B507,'E2 — Triagem'!$B$8:$B$507,0)),"")) | K507: =IF(B507="","",IF(COUNTIF(E507:J507,"N/A")=6,0,COUNTIF(E507:J507,"✔ Concluído")/(6-COUNTIF(E507:J507,"N/A")))) | O507: =IF(B507="","",IF(Lançamentos!D502="","",Lançamentos!D502)) | P507: 7 | Q507: =IF(OR(O507="",P507=""),"",O507+P507) | S507: =IF(O507="","",MAX(0,IF(R507<>"",R507-O507,TODAY()-O507))) | T507: =IF(B507="","",IF(R507<>"","✅ Encerrado",IF(O507="","",IF(TODAY()>Q507,"🔴 Hypercare Atrasado",IF(TODAY()>=Q507-2,"🟡 Próximo do Encerramento","🟢 Dentro do Período")))))

Sheet Acompanhamento Semanal
B2: ACOMPANHAMENTO SEMANAL
B3: Check-in de gestão (15-30 min) · Complementa a aba Lançamentos, nunca a substitui · Semana identificada por período, não por número
B5: IDENTIFICAÇÃO — ✍️ Analista | F5: PAINEL DA SEMANA — ⚙️ Automático | W5: Semanas (auto — base C7/E7)
B6: Semana (período) — automático: | C6: =$W$6 -> De: 27/07/26 | Até: 31/07/26 | F6: Entregas concluídas no período | I6: =COUNTIFS(Lançamentos!$D$3:$D$1001,">="&$C$7,Lançamentos!$D$3:$D$1001,"<="&$E$7) -> 0 | W6: ="De: "&TEXT($C$7-0,"dd/mm/aa")&" | Até: "&TEXT($E$7-0,"dd/mm/aa") -> De: 27/07/26 | Até: 31/07/26
B7: Período — de: | C7: 46230 | D7: até: | E7: 46234 | F7: Horas registradas no período | I7: =SUMIFS(Lançamentos!$T$3:$T$1001,Lançamentos!$D$3:$D$1001,">="&$C$7,Lançamentos!$D$3:$D$1001,"<="&$E$7) -> 0 | W7: ="De: "&TEXT($C$7-7,"dd/mm/aa")&" | Até: "&TEXT($E$7-7,"dd/mm/aa") -> De: 20/07/26 | Até: 24/07/26
B8: Analista: | C8: José Victor | F8: Atividades em aberto (carteira) | I8: =COUNTIFS(Lançamentos!$J$3:$J$1001,"<>",Lançamentos!$S$3:$S$1001,"<>Concluído",Lançamentos!$S$3:$S$1001,"<>Cancelado") -> 0 | W8: ="De: "&TEXT($C$7-14,"dd/mm/aa")&" | Até: "&TEXT($E$7-14,"dd/mm/aa") -> De: 13/07/26 | Até: 17/07/26
B9: Gestora: | C9: Juliana Batista | F9: Em Hypercare (dentro do prazo) | I9: =COUNTIF(Lançamentos!$AH$3:$AH$1001,"🟢 Dentro do Período") -> 0 | W9: ="De: "&TEXT($C$7-21,"dd/mm/aa")&" | Até: "&TEXT($E$7-21,"dd/mm/aa") -> De: 06/07/26 | Até: 10/07/26
B10: Departamento: | C10: Processos Integrados | F10: Aguardando terceiros nesta semana | I10: =COUNTIFS($B$46:$B$84,$C$6,$F$46:$F$84,"⏸ Aguardando Terceiros") -> 0 | W10: ="De: "&TEXT($C$7-28,"dd/mm/aa")&" | Até: "&TEXT($E$7-28,"dd/mm/aa") -> De: 29/06/26 | Até: 03/07/26
B11: Data do Report: | C11: =TODAY() -> 46233 | F11: Dias da atividade mais antiga em aberto | I11: {=IFERROR(TODAY()-_xlfn.AGGREGATE(15,6,Lançamentos!$C$3:$C$1001/((Lançamentos!$S$3:$S$1001<>"Concluído")*(Lançamentos!$S$3:$S$1001<>"Cancelado")*(Lançamentos!$B$3:$B$1001<>"")),1),0)} -> 0 | W11: ="De: "&TEXT($C$7-35,"dd/mm/aa")&" | Até: "&TEXT($E$7-35,"dd/mm/aa") -> De: 22/06/26 | Até: 26/06/26
W12: ="De: "&TEXT($C$7-42,"dd/mm/aa")&" | Até: "&TEXT($E$7-42,"dd/mm/aa") -> De: 15/06/26 | Até: 19/06/26
B13: 1. RESUMO EXECUTIVO DA SEMANA — ✍️ Analista | W13: ="De: "&TEXT($C$7-49,"dd/mm/aa")&" | Até: "&TEXT($E$7-49,"dd/mm/aa") -> De: 08/06/26 | Até: 12/06/26
B14: Resumo das principais entregas | W14: ="De: "&TEXT($C$7-56,"dd/mm/aa")&" | Até: "&TEXT($E$7-56,"dd/mm/aa") -> De: 01/06/26 | Até: 05/06/26
B15: Principais desafios | W15: ="De: "&TEXT($C$7-63,"dd/mm/aa")&" | Até: "&TEXT($E$7-63,"dd/mm/aa") -> De: 25/05/26 | Até: 29/05/26
B16: Maior resultado alcançado | W16: ="De: "&TEXT($C$7-70,"dd/mm/aa")&" | Até: "&TEXT($E$7-70,"dd/mm/aa") -> De: 18/05/26 | Até: 22/05/26
B17: Maior dificuldade encontrada | W17: ="De: "&TEXT($C$7-77,"dd/mm/aa")&" | Até: "&TEXT($E$7-77,"dd/mm/aa") -> De: 11/05/26 | Até: 15/05/26
B18: Risco identificado | W18: ="De: "&TEXT($C$7-84,"dd/mm/aa")&" | Até: "&TEXT($E$7-84,"dd/mm/aa") -> De: 04/05/26 | Até: 08/05/26
B19: Necessidade de apoio do gestor
B21: 2. CARTEIRA EM ABERTO — ⚙️ Automático (tudo que ainda não foi concluído nos Lançamentos)
B22: ID | C22: Projeto | D22: Tema | E22: Atividade | F22: Status (Lançamento) | G22: Status da Semana (sugerido) | H22: Dias em Aberto | I22: Pendência / Próximo Passo
B23: {=IF($Z23="","",INDEX(Lançamentos!$B:$B,$Z23))} | C23: =IF($Z23="","",INDEX(Lançamentos!$F:$F,$Z23)) | D23: =IF($Z23="","",INDEX(Lançamentos!$G:$G,$Z23)) | E23: =IF($Z23="","",INDEX(Lançamentos!$J:$J,$Z23)) | F23: =IF($Z23="","",INDEX(Lançamentos!$AL:$AL,$Z23)) | G23: =IF($Z23="","",IF($F23="Em andamento","🟡 Em andamento",IF($F23="Aguardando terceiros","⏸ Aguardando Terceiros",IF($F23="Não iniciado","⚪ Não iniciado","🟡 Em andamento")))) | H23: =IF($Z23="","",TODAY()-INDEX(Lançamentos!$C:$C,$Z23)) | I23: =IF($Z23="","",INDEX(Lançamentos!$Z:$Z,$Z23)) | Z23: {=IFERROR(_xlfn.AGGREGATE(15,6,ROW(Lançamentos!$J$3:$J$1001)/((Lançamentos!$AL$3:$AL$1001<>"Encerrado")*(Lançamentos!$S$3:$S$1001<>"Cancelado")*(Lançamentos!$J$3:$J$1001<>"")),1),"")}
B24: {=IF($Z24="","",INDEX(Lançamentos!$B:$B,$Z24))} | C24: =IF($Z24="","",INDEX(Lançamentos!$F:$F,$Z24)) | D24: =IF($Z24="","",INDEX(Lançamentos!$G:$G,$Z24)) | E24: =IF($Z24="","",INDEX(Lançamentos!$J:$J,$Z24)) | F24: =IF($Z24="","",INDEX(Lançamentos!$AL:$AL,$Z24)) | G24: =IF($Z24="","",IF($F24="Em andamento","🟡 Em andamento",IF($F24="Aguardando terceiros","⏸ Aguardando Terceiros",IF($F24="Não iniciado","⚪ Não iniciado","🟡 Em andamento")))) | H24: =IF($Z24="","",TODAY()-INDEX(Lançamentos!$C:$C,$Z24)) | I24: =IF($Z24="","",INDEX(Lançamentos!$Z:$Z,$Z24)) | Z24: {=IFERROR(_xlfn.AGGREGATE(15,6,ROW(Lançamentos!$J$3:$J$1001)/((Lançamentos!$AL$3:$AL$1001<>"Encerrado")*(Lançamentos!$S$3:$S$1001<>"Cancelado")*(Lançamentos!$J$3:$J$1001<>"")),2),"")}
B25: {=IF($Z25="","",INDEX(Lançamentos!$B:$B,$Z25))} | C25: =IF($Z25="","",INDEX(Lançamentos!$F:$F,$Z25)) | D25: =IF($Z25="","",INDEX(Lançamentos!$G:$G,$Z25)) | E25: =IF($Z25="","",INDEX(Lançamentos!$J:$J,$Z25)) | F25: =IF($Z25="","",INDEX(Lançamentos!$AL:$AL,$Z25)) | G25: =IF($Z25="","",IF($F25="Em andamento","🟡 Em andamento",IF($F25="Aguardando terceiros","⏸ Aguardando Terceiros",IF($F25="Não iniciado","⚪ Não iniciado","🟡 Em andamento")))) | H25: =IF($Z25="","",TODAY()-INDEX(Lançamentos!$C:$C,$Z25)) | I25: =IF($Z25="","",INDEX(Lançamentos!$Z:$Z,$Z25)) | Z25: {=IFERROR(_xlfn.AGGREGATE(15,6,ROW(Lançamentos!$J$3:$J$1001)/((Lançamentos!$AL$3:$AL$1001<>"Encerrado")*(Lançamentos!$S$3:$S$1001<>"Cancelado")*(Lançamentos!$J$3:$J$1001<>"")),3),"")}
B26: {=IF($Z26="","",INDEX(Lançamentos!$B:$B,$Z26))} | C26: =IF($Z26="","",INDEX(Lançamentos!$F:$F,$Z26)) | D26: =IF($Z26="","",INDEX(Lançamentos!$G:$G,$Z26)) | E26: =IF($Z26="","",INDEX(Lançamentos!$J:$J,$Z26)) | F26: =IF($Z26="","",INDEX(Lançamentos!$AL:$AL,$Z26)) | G26: =IF($Z26="","",IF($F26="Em andamento","🟡 Em andamento",IF($F26="Aguardando terceiros","⏸ Aguardando Terceiros",IF($F26="Não iniciado","⚪ Não iniciado","🟡 Em andamento")))) | H26: =IF($Z26="","",TODAY()-INDEX(Lançamentos!$C:$C,$Z26)) | I26: =IF($Z26="","",INDEX(Lançamentos!$Z:$Z,$Z26)) | Z26: {=IFERROR(_xlfn.AGGREGATE(15,6,ROW(Lançamentos!$J$3:$J$1001)/((Lançamentos!$AL$3:$AL$1001<>"Encerrado")*(Lançamentos!$S$3:$S$1001<>"Cancelado")*(Lançamentos!$J$3:$J$1001<>"")),4),"")}
B27: {=IF($Z27="","",INDEX(Lançamentos!$B:$B,$Z27))} | C27: =IF($Z27="","",INDEX(Lançamentos!$F:$F,$Z27)) | D27: =IF($Z27="","",INDEX(Lançamentos!$G:$G,$Z27)) | E27: =IF($Z27="","",INDEX(Lançamentos!$J:$J,$Z27)) | F27: =IF($Z27="","",INDEX(Lançamentos!$AL:$AL,$Z27)) | G27: =IF($Z27="","",IF($F27="Em andamento","🟡 Em andamento",IF($F27="Aguardando terceiros","⏸ Aguardando Terceiros",IF($F27="Não iniciado","⚪ Não iniciado","🟡 Em andamento")))) | H27: =IF($Z27="","",TODAY()-INDEX(Lançamentos!$C:$C,$Z27)) | I27: =IF($Z27="","",INDEX(Lançamentos!$Z:$Z,$Z27)) | Z27: {=IFERROR(_xlfn.AGGREGATE(15,6,ROW(Lançamentos!$J$3:$J$1001)/((Lançamentos!$AL$3:$AL$1001<>"Encerrado")*(Lançamentos!$S$3:$S$1001<>"Cancelado")*(Lançamentos!$J$3:$J$1001<>"")),5),"")}
B28: {=IF($Z28="","",INDEX(Lançamentos!$B:$B,$Z28))} | C28: =IF($Z28="","",INDEX(Lançamentos!$F:$F,$Z28)) | D28: =IF($Z28="","",INDEX(Lançamentos!$G:$G,$Z28)) | E28: =IF($Z28="","",INDEX(Lançamentos!$J:$J,$Z28)) | F28: =IF($Z28="","",INDEX(Lançamentos!$AL:$AL,$Z28)) | G28: =IF($Z28="","",IF($F28="Em andamento","🟡 Em andamento",IF($F28="Aguardando terceiros","⏸ Aguardando Terceiros",IF($F28="Não iniciado","⚪ Não iniciado","🟡 Em andamento")))) | H28: =IF($Z28="","",TODAY()-INDEX(Lançamentos!$C:$C,$Z28)) | I28: =IF($Z28="","",INDEX(Lançamentos!$Z:$Z,$Z28)) | Z28: {=IFERROR(_xlfn.AGGREGATE(15,6,ROW(Lançamentos!$J$3:$J$1001)/((Lançamentos!$AL$3:$AL$1001<>"Encerrado")*(Lançamentos!$S$3:$S$1001<>"Cancelado")*(Lançamentos!$J$3:$J$1001<>"")),6),"")}
B29: {=IF($Z29="","",INDEX(Lançamentos!$B:$B,$Z29))} | C29: =IF($Z29="","",INDEX(Lançamentos!$F:$F,$Z29)) | D29: =IF($Z29="","",INDEX(Lançamentos!$G:$G,$Z29)) | E29: =IF($Z29="","",INDEX(Lançamentos!$J:$J,$Z29)) | F29: =IF($Z29="","",INDEX(Lançamentos!$AL:$AL,$Z29)) | G29: =IF($Z29="","",IF($F29="Em andamento","🟡 Em andamento",IF($F29="Aguardando terceiros","⏸ Aguardando Terceiros",IF($F29="Não iniciado","⚪ Não iniciado","🟡 Em andamento")))) | H29: =IF($Z29="","",TODAY()-INDEX(Lançamentos!$C:$C,$Z29)) | I29: =IF($Z29="","",INDEX(Lançamentos!$Z:$Z,$Z29)) | Z29: {=IFERROR(_xlfn.AGGREGATE(15,6,ROW(Lançamentos!$J$3:$J$1001)/((Lançamentos!$AL$3:$AL$1001<>"Encerrado")*(Lançamentos!$S$3:$S$1001<>"Cancelado")*(Lançamentos!$J$3:$J$1001<>"")),7),"")}
B30: {=IF($Z30="","",INDEX(Lançamentos!$B:$B,$Z30))} | C30: =IF($Z30="","",INDEX(Lançamentos!$F:$F,$Z30)) | D30: =IF($Z30="","",INDEX(Lançamentos!$G:$G,$Z30)) | E30: =IF($Z30="","",INDEX(Lançamentos!$J:$J,$Z30)) | F30: =IF($Z30="","",INDEX(Lançamentos!$AL:$AL,$Z30)) | G30: =IF($Z30="","",IF($F30="Em andamento","🟡 Em andamento",IF($F30="Aguardando terceiros","⏸ Aguardando Terceiros",IF($F30="Não iniciado","⚪ Não iniciado","🟡 Em andamento")))) | H30: =IF($Z30="","",TODAY()-INDEX(Lançamentos!$C:$C,$Z30)) | I30: =IF($Z30="","",INDEX(Lançamentos!$Z:$Z,$Z30)) | Z30: {=IFERROR(_xlfn.AGGREGATE(15,6,ROW(Lançamentos!$J$3:$J$1001)/((Lançamentos!$AL$3:$AL$1001<>"Encerrado")*(Lançamentos!$S$3:$S$1001<>"Cancelado")*(Lançamentos!$J$3:$J$1001<>"")),8),"")}
B31: {=IF($Z31="","",INDEX(Lançamentos!$B:$B,$Z31))} | C31: =IF($Z31="","",INDEX(Lançamentos!$F:$F,$Z31)) | D31: =IF($Z31="","",INDEX(Lançamentos!$G:$G,$Z31)) | E31: =IF($Z31="","",INDEX(Lançamentos!$J:$J,$Z31)) | F31: =IF($Z31="","",INDEX(Lançamentos!$AL:$AL,$Z31)) | G31: =IF($Z31="","",IF($F31="Em andamento","🟡 Em andamento",IF($F31="Aguardando terceiros","⏸ Aguardando Terceiros",IF($F31="Não iniciado","⚪ Não iniciado","🟡 Em andamento")))) | H31: =IF($Z31="","",TODAY()-INDEX(Lançamentos!$C:$C,$Z31)) | I31: =IF($Z31="","",INDEX(Lançamentos!$Z:$Z,$Z31)) | Z31: {=IFERROR(_xlfn.AGGREGATE(15,6,ROW(Lançamentos!$J$3:$J$1001)/((Lançamentos!$AL$3:$AL$1001<>"Encerrado")*(Lançamentos!$S$3:$S$1001<>"Cancelado")*(Lançamentos!$J$3:$J$1001<>"")),9),"")}
B32: {=IF($Z32="","",INDEX(Lançamentos!$B:$B,$Z32))} | C32: =IF($Z32="","",INDEX(Lançamentos!$F:$F,$Z32)) | D32: =IF($Z32="","",INDEX(Lançamentos!$G:$G,$Z32)) | E32: =IF($Z32="","",INDEX(Lançamentos!$J:$J,$Z32)) | F32: =IF($Z32="","",INDEX(Lançamentos!$AL:$AL,$Z32)) | G32: =IF($Z32="","",IF($F32="Em andamento","🟡 Em andamento",IF($F32="Aguardando terceiros","⏸ Aguardando Terceiros",IF($F32="Não iniciado","⚪ Não iniciado","🟡 Em andamento")))) | H32: =IF($Z32="","",TODAY()-INDEX(Lançamentos!$C:$C,$Z32)) | I32: =IF($Z32="","",INDEX(Lançamentos!$Z:$Z,$Z32)) | Z32: {=IFERROR(_xlfn.AGGREGATE(15,6,ROW(Lançamentos!$J$3:$J$1001)/((Lançamentos!$AL$3:$AL$1001<>"Encerrado")*(Lançamentos!$S$3:$S$1001<>"Cancelado")*(Lançamentos!$J$3:$J$1001<>"")),10),"")}
